pais,data,total_casos,novos_casos,novos_casos_padronizados,total_mortes,novas_mortes,novas_mortes_padronizadas,novos_casos_pmilhao,novas_mortes_pmilhao,total_vacinacao,pessoas_vacinadas,pessoas_totalmente_vacinadas,novas_vacinas_aplicadas,novas_vacinas_padronizadas,novas_pessoas_vacinadas_padr
Brazil,2022-01-24,24142032.0,87627.0,150360.429,623636.0,266.0,308.286,409.485,1.243,354878131.0,168341120.0,148929430.0,1925921.0,1078409.0,144410.0
Brazil,2022-01-23,24054405.0,122796.0,148468.143,623370.0,179.0,291.857,573.831,0.836,352952210.0,168090877.0,148571660.0,207305.0,1371363.0,142532.0
Brazil,2022-01-22,23931609.0,165110.0,135679.714,623191.0,316.0,279.714,771.566,1.477,352744905.0,168014778.0,148534163.0,1258929.0,1780427.0,157934.0
Brazil,2022-01-21,23766499.0,171321.0,119030.0,622875.0,399.0,258.857,800.59,1.865,351485976.0,167875050.0,148225622.0,856708.0,1642430.0,143529.0
Brazil,2022-01-20,23595178.0,169786.0,110428.714,622476.0,351.0,235.143,793.417,1.64,350629268.0,167751970.0,148043971.0,1134036.0,1624605.0,131233.0
Brazil,2022-01-19,23425392.0,195541.0,100165.714,622125.0,322.0,212.0,913.771,1.505,349495232.0,167547304.0,147737978.0,1330579.0,1587016.0,110731.0
Brazil,2022-01-18,23229851.0,140342.0,84784.571,621803.0,325.0,185.143,655.824,1.519,348164653.0,167385859.0,147536850.0,835382.0,1501355.0,88029.0
Brazil,2022-01-17,23089509.0,74381.0,75200.714,621478.0,151.0,158.857,347.585,0.706,347329271.0,167330250.0,147223765.0,3976605.0,1500479.0,88139.0
Brazil,2022-01-16,23015128.0,33277.0,69420.714,621327.0,94.0,153.714,155.505,0.439,343352666.0,167093156.0,146291728.0,3070751.0,1087106.0,67806.0
Brazil,2022-01-15,22981851.0,48562.0,68903.714,621233.0,170.0,185.143,226.932,0.794,340281915.0,166909237.0,145459361.0,292952.0,723965.0,46630.0
Brazil,2022-01-14,22933289.0,111112.0,69009.571,621063.0,233.0,177.286,519.231,1.089,339988963.0,166870347.0,145379254.0,731927.0,757652.0,46172.0
Brazil,2022-01-13,22822177.0,97945.0,62178.143,620830.0,189.0,168.0,457.701,0.883,339257036.0,166833338.0,145252463.0,870918.0,728628.0,45984.0
Brazil,2022-01-12,22724232.0,87873.0,53304.0,620641.0,134.0,141.0,410.634,0.626,338386118.0,166772188.0,145005051.0,730947.0,679749.0,42346.0
Brazil,2022-01-11,22636359.0,73255.0,44015.286,620507.0,141.0,121.857,342.324,0.659,337655171.0,166769657.0,144866950.0,829251.0,678834.0,48955.0
Brazil,2022-01-10,22563104.0,33921.0,36289.0,620366.0,115.0,127.571,158.514,0.537,336825920.0,166713275.0,144723824.0,1082998.0,678443.0,56089.0
Brazil,2022-01-09,22529183.0,29658.0,33108.0,620251.0,314.0,121.429,138.593,1.467,335742922.0,166618516.0,144380523.0,,629585.0,58829.0
Brazil,2022-01-08,22499525.0,49303.0,29129.143,619937.0,115.0,81.429,230.395,0.537,,,,,560272.0,54789.0
Brazil,2022-01-07,22450222.0,63292.0,22626.143,619822.0,168.0,69.714,295.766,0.785,,,,,487356.0,50234.0
Brazil,2022-01-06,22386930.0,35826.0,15040.143,619654.0,0.0,57.857,167.416,0.0,,,,,427514.0,46546.0
Brazil,2022-01-05,22351104.0,22852.0,11724.714,619654.0,0.0,79.857,106.788,0.0,333627875.0,166475764.0,143877220.0,724543.0,415631.0,47483.0
Brazil,2022-01-04,22328252.0,19171.0,9854.571,619654.0,181.0,96.571,89.587,0.846,332903332.0,166426973.0,143762375.0,826514.0,434515.0,52103.0
Brazil,2022-01-03,22309081.0,11654.0,8409.0,619473.0,72.0,96.571,54.46,0.336,332076818.0,166320650.0,143723393.0,740992.0,437922.0,52659.0
Brazil,2022-01-02,22297427.0,1806.0,7737.286,619401.0,34.0,95.571,8.44,0.159,331335826.0,166206716.0,143462401.0,43567.0,351262.0,38444.0
Brazil,2022-01-01,22295621.0,3782.0,8189.143,619367.0,33.0,97.286,17.673,0.154,331292259.0,166199307.0,143441284.0,18349.0,364234.0,39448.0
Brazil,2021-12-31,22291839.0,10190.0,8173.714,619334.0,85.0,97.0,47.618,0.397,331273910.0,166195505.0,143436012.0,109869.0,380809.0,40966.0
Brazil,2021-12-30,22281649.0,12618.0,7243.714,619249.0,154.0,108.143,58.964,0.72,331164041.0,166185628.0,143398692.0,445584.0,384309.0,41617.0
Brazil,2021-12-29,22269031.0,9761.0,5980.286,619095.0,117.0,104.143,45.614,0.547,330718457.0,166143380.0,143282084.0,856727.0,450814.0,43848.0
Brazil,2021-12-28,22259270.0,9052.0,5046.714,618978.0,181.0,108.286,42.3,0.846,329861730.0,166062249.0,142965728.0,850365.0,503738.0,72526.0
Brazil,2021-12-27,22250218.0,6952.0,4287.0,618797.0,65.0,92.571,32.487,0.304,329011365.0,165952037.0,142764283.0,,488269.0,68678.0
Brazil,2021-12-26,22243266.0,4969.0,3670.857,618732.0,46.0,95.143,23.22,0.215,,,,,575759.0,74246.0
Brazil,2021-12-25,22238297.0,3674.0,3169.286,618686.0,31.0,96.429,17.169,0.145,,,,,563419.0,73430.0
Brazil,2021-12-24,22234623.0,3680.0,2984.571,618655.0,163.0,111.714,17.197,0.762,,,,,574100.0,73538.0
Brazil,2021-12-23,22230943.0,3774.0,3082.143,618492.0,126.0,116.714,17.636,0.589,328473878.0,165894312.0,,911122.0,663255.0,87899.0
Brazil,2021-12-22,22227169.0,3226.0,3066.0,618366.0,146.0,116.286,15.075,0.682,327562756.0,165836442.0,142378728.0,1227191.0,665781.0,100180.0
Brazil,2021-12-21,22223943.0,3734.0,3330.571,618220.0,71.0,138.0,17.449,0.332,326335565.0,165554570.0,141915573.0,742080.0,676308.0,88661.0
Brazil,2021-12-20,22220209.0,2639.0,3422.714,618149.0,83.0,144.0,12.332,0.388,325593485.0,165471288.0,141702263.0,746805.0,693650.0,77311.0
Brazil,2021-12-19,22217570.0,1458.0,3441.429,618066.0,55.0,138.571,6.813,0.257,324846680.0,165417886.0,141488098.0,47994.0,676319.0,70228.0
Brazil,2021-12-18,22216112.0,2381.0,3463.857,618011.0,138.0,142.429,11.127,0.645,324798686.0,165409165.0,141474540.0,209137.0,688367.0,69529.0
Brazil,2021-12-17,22213731.0,4363.0,3507.143,617873.0,198.0,130.286,20.388,0.925,324589549.0,165393977.0,141411665.0,758454.0,692922.0,67906.0
Brazil,2021-12-16,22209368.0,3661.0,3893.143,617675.0,123.0,134.571,17.108,0.575,323831095.0,165279022.0,141175069.0,928805.0,718834.0,52031.0
Brazil,2021-12-15,22205707.0,5078.0,4620.571,617552.0,298.0,145.571,23.73,1.393,322902290.0,165135181.0,140902990.0,1300883.0,775439.0,47822.0
Brazil,2021-12-14,22200629.0,4379.0,5342.571,617254.0,113.0,137.286,20.463,0.528,321601407.0,164933940.0,140151965.0,863469.0,703482.0,31742.0
Brazil,2021-12-13,22196250.0,2770.0,6165.0,617141.0,45.0,158.429,12.944,0.21,320737938.0,,139783903.0,625488.0,745662.0,46475.0
Brazil,2021-12-12,22193480.0,1615.0,6628.857,617096.0,82.0,170.857,7.547,0.383,320112450.0,,139421689.0,132333.0,785747.0,48079.0
Brazil,2021-12-11,22191865.0,2684.0,7068.571,617014.0,53.0,169.286,12.542,0.248,319980117.0,,139389518.0,241022.0,789905.0,54123.0
Brazil,2021-12-10,22189181.0,7065.0,7743.286,616961.0,228.0,182.571,33.015,1.065,319739095.0,,139320682.0,939835.0,867724.0,65877.0
Brazil,2021-12-09,22182116.0,8753.0,8251.429,616733.0,200.0,183.429,40.903,0.935,318799260.0,164914808.0,138924356.0,1325043.0,978410.0,89192.0
Brazil,2021-12-08,22173363.0,10132.0,8705.429,616533.0,240.0,182.857,47.347,1.122,317474217.0,164800426.0,138249795.0,797187.0,957675.0,91555.0
Brazil,2021-12-07,22163231.0,10136.0,9012.571,616293.0,261.0,186.857,47.366,1.22,316677030.0,164711745.0,137905915.0,1158728.0,1027203.0,112178.0
Brazil,2021-12-06,22153095.0,6017.0,9033.857,616032.0,132.0,196.143,28.118,0.617,315518302.0,164604790.0,137355248.0,906081.0,1100068.0,128311.0
Brazil,2021-12-05,22147078.0,4693.0,8815.571,615900.0,71.0,194.143,21.931,0.332,314612221.0,164589731.0,136905306.0,161441.0,1004119.0,129284.0
Brazil,2021-12-04,22142385.0,7407.0,8650.286,615829.0,146.0,195.429,34.613,0.682,314450780.0,164543599.0,136830588.0,785750.0,1035066.0,133764.0
Brazil,2021-12-03,22134978.0,10622.0,8779.143,615683.0,234.0,207.0,49.637,1.093,313665030.0,164457496.0,136438552.0,1714641.0,989021.0,130099.0
Brazil,2021-12-02,22124356.0,11931.0,8815.857,615449.0,196.0,217.143,55.754,0.916,311950389.0,164290464.0,135324508.0,1179894.0,921029.0,135378.0
Brazil,2021-12-01,22112425.0,12282.0,8866.143,615253.0,268.0,230.286,57.394,1.252,310770495.0,164159539.0,134636857.0,1283888.0,873043.0,134726.0
Brazil,2021-11-30,22100143.0,10285.0,8862.143,614985.0,326.0,230.714,48.062,1.523,309486607.0,163926497.0,133911230.0,1668782.0,853025.0,116853.0
Brazil,2021-11-29,22089858.0,4489.0,9170.0,614659.0,118.0,226.286,20.977,0.551,307817825.0,163706613.0,133029594.0,234438.0,783822.0,106975.0
Brazil,2021-11-28,22085369.0,3536.0,9120.286,614541.0,80.0,227.429,16.524,0.374,307583387.0,163684746.0,132895365.0,378069.0,914376.0,124595.0
Brazil,2021-11-27,22081833.0,8309.0,9342.0,614461.0,227.0,229.714,38.828,1.061,307205318.0,163607249.0,132667094.0,463436.0,947404.0,131210.0
Brazil,2021-11-26,22073524.0,10879.0,9328.571,614234.0,305.0,226.857,50.838,1.425,306741882.0,163546806.0,132395866.0,1238694.0,1001021.0,141758.0
Brazil,2021-11-25,22062645.0,12283.0,9542.0,613929.0,288.0,217.286,57.399,1.346,305503188.0,163342820.0,131709249.0,843991.0,1007923.0,135020.0
Brazil,2021-11-24,22050362.0,12254.0,9416.143,613641.0,271.0,215.0,57.263,1.266,304659197.0,163216460.0,131215922.0,1143767.0,1057995.0,136989.0
Brazil,2021-11-23,22038108.0,12440.0,9538.714,613370.0,295.0,230.143,58.133,1.379,303515430.0,163108526.0,130530871.0,1184361.0,1127258.0,154349.0
Brazil,2021-11-22,22025668.0,4141.0,8699.857,613075.0,126.0,208.429,19.351,0.589,302331069.0,162957786.0,129832016.0,1148316.0,1057549.0,140666.0
Brazil,2021-11-21,22021527.0,5088.0,8500.143,612949.0,96.0,200.429,23.776,0.449,301182753.0,162812584.0,129200205.0,609264.0,977596.0,129156.0
Brazil,2021-11-20,22016439.0,8215.0,8387.857,612853.0,207.0,196.0,38.389,0.967,300573489.0,162688776.0,128851409.0,838756.0,948149.0,124937.0
Brazil,2021-11-19,22008224.0,12373.0,8551.143,612646.0,238.0,210.286,57.82,1.112,299734733.0,162554502.0,128377050.0,1287004.0,925889.0,115907.0
Brazil,2021-11-18,21995851.0,11402.0,8869.143,612408.0,272.0,265.0,53.282,1.271,298447729.0,162397679.0,127639599.0,1194499.0,918074.0,100984.0
Brazil,2021-11-17,21984449.0,13112.0,9460.0,612136.0,377.0,260.429,61.273,1.762,297253230.0,162257537.0,126961439.0,1628608.0,974816.0,120680.0
Brazil,2021-11-16,21971337.0,6568.0,9726.857,611759.0,143.0,245.0,30.693,0.668,295624622.0,162028086.0,125915845.0,696395.0,952632.0,121230.0
Brazil,2021-11-15,21964769.0,2743.0,10475.714,611616.0,70.0,254.286,12.818,0.327,294928227.0,161973124.0,125467475.0,588644.0,1056631.0,143019.0
Brazil,2021-11-14,21962026.0,4302.0,11066.857,611546.0,65.0,261.429,20.103,0.304,294339583.0,161908494.0,125123667.0,403137.0,1199494.0,171516.0
Brazil,2021-11-13,21957724.0,9358.0,11261.0,611481.0,307.0,262.143,43.73,1.435,293936446.0,161814220.0,124872035.0,682938.0,1222609.0,198610.0
Brazil,2021-11-12,21948366.0,14599.0,11520.286,611174.0,621.0,261.571,68.222,2.902,293253508.0,161743151.0,124416550.0,1232298.0,1224222.0,201321.0
Brazil,2021-11-11,21933767.0,15538.0,11291.571,610553.0,240.0,227.429,72.61,1.122,292021210.0,161690791.0,123598784.0,1591689.0,1337059.0,233531.0
Brazil,2021-11-10,21918229.0,14980.0,10964.286,610313.0,269.0,255.143,70.002,1.257,290429521.0,161412780.0,122635903.0,1473326.0,1314414.0,231494.0
Brazil,2021-11-09,21903249.0,11810.0,11154.286,610044.0,208.0,243.857,55.189,0.972,288956195.0,161179478.0,121738604.0,1424384.0,1253571.0,215930.0
Brazil,2021-11-08,21891439.0,6881.0,10312.571,609836.0,120.0,235.857,32.155,0.561,287531811.0,160971992.0,120880423.0,1588687.0,1081796.0,191502.0
Brazil,2021-11-07,21884558.0,5661.0,9990.429,609716.0,70.0,233.429,26.454,0.327,285943124.0,160707880.0,119901571.0,564943.0,896713.0,159818.0
Brazil,2021-11-06,21878897.0,11173.0,10057.429,609646.0,303.0,242.429,52.212,1.416,285378181.0,160423951.0,119655284.0,694228.0,873291.0,129386.0
Brazil,2021-11-05,21867724.0,12998.0,9891.571,609343.0,382.0,230.0,60.74,1.785,284683953.0,160333906.0,119243098.0,2022153.0,856749.0,131570.0
Brazil,2021-11-04,21854726.0,13247.0,9846.286,608961.0,434.0,233.714,61.904,2.028,282661800.0,160056071.0,117929773.0,1433175.0,800610.0,126392.0
Brazil,2021-11-03,21841479.0,16310.0,9909.0,608527.0,190.0,225.0,76.217,0.888,281228625.0,159792323.0,117020085.0,1047425.0,827453.0,128810.0
Brazil,2021-11-02,21825169.0,5918.0,10025.286,608337.0,152.0,260.0,27.655,0.71,280181200.0,159667965.0,116399784.0,221959.0,922989.0,149757.0
Brazil,2021-11-01,21819251.0,4626.0,11086.286,608185.0,103.0,295.857,21.617,0.481,279959241.0,159631476.0,116288959.0,293110.0,1156757.0,192879.0
Brazil,2021-10-31,21814625.0,6130.0,11543.571,608082.0,133.0,310.714,28.646,0.622,279666131.0,159589151.0,116117550.0,400990.0,1460518.0,228975.0
Brazil,2021-10-30,21808495.0,10012.0,11315.857,607949.0,216.0,308.714,46.786,1.009,279265141.0,159518249.0,115897379.0,578428.0,1518092.0,243962.0
Brazil,2021-10-29,21798483.0,12681.0,11586.286,607733.0,408.0,327.857,59.259,1.907,278686713.0,159412919.0,115562494.0,1629181.0,1531812.0,247560.0
Brazil,2021-10-28,21785802.0,13686.0,11688.714,607325.0,373.0,333.429,63.955,1.743,277057532.0,159171324.0,114610870.0,1621078.0,1491065.0,242327.0
Brazil,2021-10-27,21772116.0,17124.0,12160.143,606952.0,435.0,346.714,80.021,2.033,275436454.0,158890656.0,113647161.0,1716175.0,1404161.0,223981.0
Brazil,2021-10-26,21754992.0,13345.0,11957.857,606517.0,403.0,341.571,62.362,1.883,273720279.0,158619663.0,112584033.0,1858335.0,1450105.0,246764.0
Brazil,2021-10-25,21741647.0,7827.0,11941.857,606114.0,207.0,338.143,36.576,0.967,271861944.0,158281322.0,111550520.0,2419442.0,1433973.0,246100.0
Brazil,2021-10-24,21733820.0,4536.0,12155.0,605907.0,119.0,337.429,21.197,0.556,269442502.0,157986323.0,109945760.0,804008.0,1251318.0,223722.0
Brazil,2021-10-23,21729284.0,11905.0,12390.571,605788.0,350.0,338.714,55.633,1.636,268638494.0,157810514.0,109422127.0,674468.0,1211518.0,213792.0
Brazil,2021-10-22,21717379.0,13398.0,12084.286,605438.0,447.0,355.143,62.609,2.089,267964026.0,157679997.0,108994434.0,1343946.0,1302079.0,237742.0
Brazil,2021-10-21,21703981.0,16986.0,12212.857,604991.0,466.0,363.714,79.376,2.178,266620080.0,157475037.0,108197260.0,1012755.0,1408276.0,278293.0
Brazil,2021-10-20,21686995.0,15708.0,11962.286,604525.0,399.0,378.857,73.404,1.865,265607325.0,157322792.0,107582227.0,2037781.0,1597257.0,360571.0
Brazil,2021-10-19,21671287.0,13233.0,10914.286,604126.0,379.0,351.286,61.838,1.771,263569544.0,156892317.0,106356335.0,1745413.0,1429769.0,314167.0
Brazil,2021-10-18,21658054.0,9319.0,10074.571,603747.0,202.0,322.143,43.548,0.944,261824131.0,156558619.0,105223364.0,1140857.0,1237034.0,282589.0
Brazil,2021-10-17,21648735.0,6185.0,9742.286,603545.0,128.0,322.857,28.903,0.598,260683274.0,156420266.0,104630777.0,525409.0,1219084.0,303935.0
Brazil,2021-10-16,21642550.0,9761.0,10060.429,603417.0,465.0,326.143,45.614,2.173,260157865.0,156313972.0,104314315.0,1308394.0,1233393.0,304629.0
Brazil,2021-10-15,21632789.0,14298.0,10780.857,602952.0,507.0,319.143,66.815,2.369,258849471.0,156015804.0,103527053.0,2087323.0,1190446.0,286413.0
Brazil,2021-10-14,21618491.0,15232.0,11386.143,602445.0,572.0,336.714,71.18,2.673,256762148.0,155526988.0,102264366.0,2335619.0,1134516.0,261071.0
Brazil,2021-10-13,21603259.0,8372.0,11298.143,601873.0,206.0,316.143,39.123,0.963,254426529.0,154798792.0,100864092.0,865371.0,1052782.0,212667.0
Brazil,2021-10-12,21594887.0,7355.0,12751.571,601667.0,175.0,368.143,34.37,0.818,253561158.0,154693150.0,100324302.0,396266.0,1181244.0,252386.0
Brazil,2021-10-11,21587532.0,6993.0,14864.429,601492.0,207.0,440.857,32.679,0.967,253164892.0,154580496.0,100085018.0,1015208.0,1347332.0,294373.0
Brazil,2021-10-10,21580539.0,8412.0,15510.857,601285.0,151.0,440.429,39.31,0.706,252149684.0,154292724.0,99520881.0,625569.0,1359657.0,287909.0
Brazil,2021-10-09,21572127.0,14804.0,15616.714,601134.0,416.0,451.143,69.18,1.944,251524115.0,154181567.0,99070817.0,1007764.0,1324559.0,287797.0
Brazil,2021-10-08,21557323.0,18535.0,15271.286,600718.0,630.0,456.571,86.615,2.944,250516351.0,154010913.0,98464451.0,1695818.0,1330838.0,301386.0
Brazil,2021-10-07,21538788.0,14616.0,15203.714,600088.0,428.0,436.571,68.301,2.0,248820533.0,153699490.0,97382944.0,1763479.0,1375732.0,325509.0
Brazil,2021-10-06,21524172.0,18546.0,16251.571,599660.0,570.0,462.286,86.666,2.664,247057054.0,153310124.0,96345260.0,1764602.0,1390987.0,346912.0
Brazil,2021-10-05,21505626.0,22145.0,16014.286,599090.0,684.0,478.143,103.484,3.196,245292452.0,152926450.0,95257454.0,1558881.0,1382176.0,363419.0
Brazil,2021-10-04,21483481.0,11518.0,15262.714,598406.0,204.0,497.143,53.824,0.953,243733571.0,152519888.0,94337578.0,1101484.0,1423009.0,378311.0
Brazil,2021-10-03,21471963.0,9153.0,14952.286,598202.0,226.0,495.714,42.772,1.056,242632087.0,152277364.0,93674362.0,379883.0,1448028.0,387470.0
Brazil,2021-10-02,21462810.0,12386.0,14909.857,597976.0,454.0,501.429,57.88,2.122,242252204.0,152166987.0,93442685.0,1051719.0,1467007.0,397233.0
Brazil,2021-10-01,21450424.0,18062.0,15120.857,597522.0,490.0,513.714,84.404,2.29,241200485.0,151901209.0,92759486.0,2010073.0,1472498.0,415248.0
Brazil,2021-09-30,21432362.0,21951.0,15207.0,597032.0,608.0,540.857,102.578,2.841,239190412.0,151420924.0,91430204.0,1870268.0,1441436.0,415729.0
Brazil,2021-09-29,21410411.0,16885.0,15630.714,596424.0,681.0,543.857,78.904,3.182,237320144.0,150881737.0,90253376.0,1702924.0,1430798.0,416402.0
Brazil,2021-09-28,21393526.0,16884.0,17873.286,595743.0,817.0,541.571,78.9,3.818,235617220.0,150382518.0,89101310.0,1844715.0,1432048.0,415634.0
Brazil,2021-09-27,21376642.0,9345.0,17658.429,594926.0,194.0,521.0,43.67,0.907,233772505.0,149871708.0,87828174.0,1276613.0,1427283.0,421200.0
Brazil,2021-09-26,21367297.0,8856.0,17649.857,594732.0,266.0,531.143,41.384,1.243,232495892.0,149565073.0,87122476.0,512740.0,1416316.0,430265.0
Brazil,2021-09-25,21358441.0,13863.0,17695.429,594466.0,540.0,528.571,64.782,2.523,231983152.0,149386359.0,86796636.0,1090150.0,1403746.0,430739.0
Brazil,2021-09-24,21344578.0,18665.0,15715.0,593926.0,680.0,535.143,87.222,3.178,230893002.0,148994474.0,86119839.0,1792645.0,1403058.0,427742.0
Brazil,2021-09-23,21325913.0,24917.0,18096.714,593246.0,629.0,529.143,116.438,2.939,229100357.0,148510818.0,84869772.0,1795802.0,1480623.0,467529.0
Brazil,2021-09-22,21300996.0,32583.0,19601.0,592617.0,665.0,534.0,152.262,3.108,227304555.0,147966925.0,83644344.0,1711671.0,1437787.0,457914.0
Brazil,2021-09-21,21268413.0,15380.0,16842.857,591952.0,673.0,553.429,71.871,3.145,225592884.0,147473077.0,82467468.0,1811357.0,1464974.0,481807.0
Brazil,2021-09-20,21253033.0,9285.0,16584.429,591279.0,265.0,554.143,43.389,1.238,223781527.0,146923305.0,81250428.0,1199847.0,1511113.0,498508.0
Brazil,2021-09-19,21243748.0,9175.0,16493.429,591014.0,248.0,556.857,42.875,1.159,222581680.0,146553215.0,80492254.0,424753.0,1552981.0,509892.0
Brazil,2021-09-18,21234573.0,,,590766.0,586.0,564.143,,2.738,222156927.0,146371189.0,80250454.0,1085332.0,1561928.0,510443.0
Brazil,2021-09-17,21109695.0,35337.0,18271.714,590180.0,638.0,576.0,165.131,2.981,221071595.0,146000277.0,79542916.0,2335597.0,1593405.0,516855.0
Brazil,2021-09-16,21074358.0,35447.0,15574.286,589542.0,663.0,575.714,165.645,3.098,218735998.0,145238112.0,77988754.0,1495951.0,1603741.0,524624.0
Brazil,2021-09-15,21038911.0,13276.0,15199.429,588879.0,801.0,598.714,62.039,3.743,217240047.0,144761529.0,76990802.0,1901984.0,1706286.0,562979.0
Brazil,2021-09-14,21025635.0,13571.0,15328.857,588078.0,678.0,519.857,63.418,3.168,215338063.0,144100429.0,75814267.0,2134330.0,1680125.0,554517.0
Brazil,2021-09-13,21012064.0,8648.0,15333.571,587400.0,284.0,469.714,40.412,1.327,213203733.0,143433748.0,74381040.0,1492919.0,1454152.0,492604.0
Brazil,2021-09-12,21003416.0,7861.0,15551.286,587116.0,299.0,460.571,36.735,1.397,211710814.0,142983971.0,73355123.0,487381.0,1455534.0,539028.0
Brazil,2021-09-11,20995555.0,13762.0,16237.0,586817.0,669.0,456.571,64.31,3.126,211223433.0,142798088.0,73050585.0,1305672.0,1442475.0,536950.0
Brazil,2021-09-10,20981793.0,16455.0,17174.571,586148.0,636.0,452.143,76.895,2.972,209917761.0,142382292.0,72173074.0,2407953.0,1405712.0,532747.0
Brazil,2021-09-09,20965338.0,32823.0,18195.857,585512.0,824.0,467.0,153.383,3.851,207509808.0,141565747.0,70594540.0,2213763.0,1338203.0,524006.0
Brazil,2021-09-08,20932515.0,14182.0,17367.286,584688.0,249.0,461.0,66.273,1.164,205296045.0,140820674.0,69133319.0,1718856.0,1304225.0,536184.0
Brazil,2021-09-07,20918333.0,13604.0,19019.571,584439.0,327.0,525.0,63.572,1.528,203577189.0,140218809.0,68020838.0,552520.0,1342973.0,584538.0
Brazil,2021-09-06,20904729.0,10172.0,20911.286,584112.0,220.0,604.143,47.534,1.028,203024669.0,139985523.0,67702291.0,1502590.0,1644110.0,744054.0
Brazil,2021-09-05,20894557.0,12661.0,21286.857,583892.0,271.0,618.143,59.165,1.266,201522079.0,139210778.0,66984704.0,395971.0,1650112.0,751921.0
Brazil,2021-09-04,20881896.0,20325.0,21087.143,583621.0,638.0,619.143,94.98,2.981,201126108.0,139039441.0,66758831.0,1048333.0,1678584.0,775814.0
Brazil,2021-09-03,20861571.0,23604.0,21461.714,582983.0,740.0,617.857,110.302,3.458,200077775.0,138653061.0,66093601.0,1935385.0,1718911.0,816163.0
Brazil,2021-09-02,20837967.0,27023.0,22054.857,582243.0,782.0,629.0,126.28,3.654,198142390.0,137897705.0,64905651.0,1975917.0,1719920.0,854225.0
Brazil,2021-09-01,20810944.0,25748.0,22612.0,581461.0,697.0,641.714,120.321,3.257,196166473.0,137067385.0,63754375.0,1990093.0,1636986.0,796839.0
Brazil,2021-08-31,20785196.0,26846.0,23216.429,580764.0,881.0,668.857,125.452,4.117,194176380.0,136127045.0,62698760.0,2660479.0,1645945.0,837021.0
Brazil,2021-08-30,20758350.0,12801.0,23925.429,579883.0,318.0,665.714,59.82,1.486,191515901.0,134777145.0,61384034.0,1544608.0,1609175.0,845410.0
Brazil,2021-08-29,20745549.0,11263.0,24333.0,579565.0,278.0,679.857,52.632,1.299,189971293.0,133947333.0,60672443.0,595275.0,1685440.0,906628.0
Brazil,2021-08-28,20734286.0,22947.0,24716.143,579287.0,629.0,687.714,107.232,2.939,189376018.0,133608741.0,60412846.0,1330618.0,1684074.0,920070.0
Brazil,2021-08-27,20711339.0,27756.0,25055.429,578658.0,818.0,685.143,129.705,3.823,188045400.0,132939921.0,59746726.0,1942448.0,1666930.0,936539.0
Brazil,2021-08-26,20683583.0,30923.0,25977.857,577840.0,871.0,696.0,144.504,4.07,186102952.0,131918133.0,58811744.0,1395379.0,1691404.0,965317.0
Brazil,2021-08-25,20652660.0,29979.0,26705.0,576969.0,887.0,717.714,140.093,4.145,184707573.0,131489509.0,57838947.0,2052810.0,1852346.0,1115804.0
Brazil,2021-08-24,20622681.0,31809.0,28161.0,576082.0,859.0,732.429,148.645,4.014,182654763.0,130267899.0,57002150.0,2403088.0,1843109.0,1103706.0
Brazil,2021-08-23,20590872.0,15654.0,29189.143,575223.0,417.0,766.0,73.152,1.949,180251675.0,128859272.0,55999780.0,2078461.0,1928764.0,1167533.0
Brazil,2021-08-22,20575218.0,13945.0,29551.429,574806.0,333.0,765.571,65.166,1.556,178173214.0,127600937.0,55170955.0,585712.0,1927571.0,1156612.0
Brazil,2021-08-21,20561273.0,25322.0,29526.0,574473.0,611.0,773.571,118.331,2.855,177587502.0,127168248.0,55013076.0,1210612.0,1910324.0,1148006.0
Brazil,2021-08-20,20535951.0,34213.0,30094.571,573862.0,894.0,816.571,159.879,4.178,176376890.0,126384146.0,54578690.0,2113768.0,1934971.0,1172732.0
Brazil,2021-08-19,20501738.0,36013.0,29920.571,572968.0,1023.0,816.286,168.29,4.781,174263122.0,125160916.0,53680684.0,2521973.0,1941268.0,1197177.0
Brazil,2021-08-18,20465725.0,40171.0,29898.429,571945.0,990.0,815.286,187.721,4.626,171741149.0,123678883.0,52629848.0,1988146.0,1902610.0,1203909.0
Brazil,2021-08-17,20425554.0,39006.0,29223.0,570955.0,1094.0,823.143,182.277,5.112,169753003.0,122541955.0,51771235.0,3002675.0,1907709.0,1237295.0
Brazil,2021-08-16,20386548.0,18190.0,28716.714,569861.0,414.0,848.0,85.003,1.935,166750328.0,120686544.0,50600926.0,2070111.0,1794195.0,1172847.0
Brazil,2021-08-15,20368358.0,13767.0,28338.429,569447.0,389.0,861.429,64.334,1.818,164680217.0,119504650.0,49705914.0,464984.0,1714313.0,1133990.0
Brazil,2021-08-14,20354591.0,29302.0,28356.571,569058.0,912.0,861.429,136.929,4.262,164215233.0,119132205.0,49606493.0,1383137.0,1700292.0,1112784.0
Brazil,2021-08-13,20325289.0,32995.0,29818.143,568146.0,892.0,873.857,154.187,4.168,162832096.0,118175020.0,49164242.0,2157850.0,1617986.0,1047596.0
Brazil,2021-08-12,20292294.0,35858.0,31200.429,567254.0,1016.0,883.429,167.566,4.748,160674246.0,116780678.0,48383179.0,2251367.0,1558748.0,1005004.0
Brazil,2021-08-11,20256436.0,35443.0,31718.429,566238.0,1045.0,899.143,165.627,4.883,158422879.0,115251518.0,47644783.0,2023839.0,1481198.0,941864.0
Brazil,2021-08-10,20220993.0,35462.0,32446.143,565193.0,1268.0,903.0,165.715,5.925,156399040.0,113880889.0,46980025.0,2208076.0,1540064.0,963277.0
Brazil,2021-08-09,20185531.0,15542.0,32022.429,563925.0,508.0,898.571,72.628,2.374,154190964.0,112476618.0,46160465.0,1510935.0,1489744.0,934556.0
Brazil,2021-08-08,20169989.0,13894.0,32498.571,563417.0,389.0,903.714,64.927,1.818,152680029.0,111566720.0,45542992.0,366841.0,1440196.0,896296.0
Brazil,2021-08-07,20156095.0,39533.0,33421.286,563028.0,999.0,907.429,184.739,4.668,152313188.0,111342715.0,45397341.0,806997.0,1430182.0,894162.0
Brazil,2021-08-06,20116562.0,42671.0,32786.286,562029.0,959.0,900.286,199.403,4.481,151506191.0,110841845.0,45086810.0,1743181.0,1455223.0,909178.0
Brazil,2021-08-05,20073891.0,39484.0,32458.714,561070.0,1126.0,889.714,184.51,5.262,149763010.0,109745651.0,44414256.0,1708518.0,1468489.0,911755.0
Brazil,2021-08-04,20034407.0,40537.0,32721.143,559944.0,1072.0,920.429,189.431,5.009,148054492.0,108658469.0,43769705.0,2435897.0,1444220.0,874732.0
Brazil,2021-08-03,19993870.0,32496.0,33651.429,558872.0,1237.0,963.429,151.855,5.781,145618595.0,107137953.0,42823483.0,1855837.0,1351461.0,801414.0
Brazil,2021-08-02,19961374.0,18875.0,35236.429,557635.0,544.0,970.857,88.204,2.542,143762758.0,105934725.0,42147735.0,1164099.0,1317506.0,773130.0
Brazil,2021-08-01,19942499.0,20353.0,35603.143,557091.0,415.0,982.429,95.11,1.939,142598659.0,105292650.0,41599313.0,296742.0,1351359.0,811726.0
Brazil,2021-07-31,19922146.0,35088.0,35303.571,556676.0,949.0,991.571,163.968,4.435,142301917.0,105083580.0,41507968.0,982290.0,1355675.0,813118.0
Brazil,2021-07-30,19887058.0,40378.0,35240.714,555727.0,885.0,1010.429,188.688,4.136,141319627.0,104477597.0,41116889.0,1836041.0,1351532.0,823523.0
Brazil,2021-07-29,19846680.0,41321.0,44775.286,554842.0,1341.0,1068.429,193.095,6.267,139483586.0,103363365.0,40360686.0,1538632.0,1336029.0,847813.0
Brazil,2021-07-28,19805359.0,47049.0,45826.714,553501.0,1373.0,1081.286,219.862,6.416,137944954.0,102535345.0,39603390.0,1786585.0,1392224.0,890106.0
Brazil,2021-07-27,19758310.0,43591.0,47082.0,552128.0,1289.0,1085.143,203.703,6.024,136158369.0,101528055.0,38761406.0,1618152.0,1406067.0,918030.0
Brazil,2021-07-26,19714719.0,21442.0,45304.571,550839.0,625.0,1098.0,100.199,2.921,134540217.0,100522817.0,38110566.0,1401072.0,1443774.0,962294.0
Brazil,2021-07-25,19693277.0,18256.0,44635.143,550214.0,479.0,1104.143,85.311,2.238,133139145.0,99610570.0,37583404.0,326954.0,1468516.0,997139.0
Brazil,2021-07-24,19675021.0,34648.0,44419.571,549735.0,1081.0,1104.429,161.912,5.052,132812191.0,99391757.0,37463852.0,953285.0,1456642.0,993944.0
Brazil,2021-07-23,19640373.0,107120.0,46474.143,548654.0,1291.0,1131.571,500.576,6.033,131858906.0,98712936.0,37161762.0,1727521.0,1458239.0,996207.0
Brazil,2021-07-22,19533253.0,48681.0,37302.0,547363.0,1431.0,1145.571,227.488,6.687,130131385.0,97428671.0,36676823.0,1932002.0,1425151.0,954997.0
Brazil,2021-07-21,19484572.0,55836.0,38118.714,545932.0,1400.0,1171.0,260.924,6.542,128199383.0,96304601.0,35808080.0,1883486.0,1358608.0,979315.0
Brazil,2021-07-20,19428736.0,31149.0,38156.0,544532.0,1379.0,1190.429,145.561,6.444,126315897.0,95101845.0,35053766.0,1882101.0,1308784.0,959447.0
Brazil,2021-07-19,19397587.0,16756.0,40644.143,543153.0,668.0,1230.429,78.301,3.122,124433796.0,93786760.0,34383717.0,1574261.0,1254219.0,931739.0
Brazil,2021-07-18,19380831.0,16747.0,40998.0,542485.0,481.0,1246.714,78.259,2.248,122859535.0,92630599.0,33891244.0,243840.0,1215630.0,908336.0
Brazil,2021-07-17,19364084.0,49030.0,41340.857,542004.0,1271.0,1258.714,229.119,5.939,122615695.0,92434146.0,33818142.0,964462.0,1240893.0,930260.0
Brazil,2021-07-16,19315054.0,42915.0,40639.571,540733.0,1389.0,1242.571,200.544,6.491,121651233.0,91739486.0,33467323.0,1495902.0,1235984.0,939028.0
Brazil,2021-07-15,19272139.0,54398.0,42859.143,539344.0,1609.0,1254.429,254.204,7.519,120155331.0,90743692.0,32832460.0,1466204.0,1226009.0,970699.0
Brazil,2021-07-14,19217741.0,56097.0,42823.286,537735.0,1536.0,1271.286,262.144,7.178,118689127.0,89449394.0,32219034.0,1534716.0,1244714.0,971400.0
Brazil,2021-07-13,19161644.0,48566.0,42547.571,536199.0,1659.0,1278.286,226.951,7.753,117154411.0,88385719.0,31569503.0,1500151.0,1272379.0,1033248.0
Brazil,2021-07-12,19113078.0,19233.0,44421.429,534540.0,782.0,1292.571,89.877,3.654,115654260.0,87264587.0,31003288.0,1304132.0,1279662.0,1061304.0
Brazil,2021-07-11,19093845.0,19147.0,45664.571,533758.0,565.0,1293.571,89.475,2.64,114350128.0,86272249.0,30545014.0,420681.0,1321820.0,1108503.0
Brazil,2021-07-10,19074698.0,44121.0,46566.714,533193.0,1158.0,1323.0,206.179,5.411,113929447.0,85922323.0,30387607.0,930103.0,1310848.0,1101724.0
Brazil,2021-07-09,19030577.0,58452.0,47939.857,532035.0,1472.0,1391.286,273.149,6.879,112999344.0,85166293.0,30044191.0,1426079.0,1278826.0,1082849.0
Brazil,2021-07-08,18972125.0,54147.0,48671.286,530563.0,1727.0,1449.0,253.031,8.07,111573265.0,83948802.0,29547039.0,1597138.0,1287361.0,1094851.0
Brazil,2021-07-07,18917978.0,54167.0,49668.857,528836.0,1585.0,1478.286,253.125,7.407,109976127.0,82649595.0,28929443.0,1728372.0,1258381.0,1078903.0
Brazil,2021-07-06,18863811.0,61683.0,48665.429,527251.0,1759.0,1546.714,288.247,8.22,108247755.0,81152984.0,28317786.0,1551130.0,1202726.0,1029905.0
Brazil,2021-07-05,18802128.0,27935.0,49275.857,525492.0,789.0,1572.286,130.541,3.687,106696625.0,79835457.0,27854683.0,1599236.0,1252421.0,1072948.0
Brazil,2021-07-04,18774193.0,25462.0,49865.0,524703.0,771.0,1561.571,118.985,3.603,105097389.0,78512727.0,27489232.0,343879.0,1186805.0,1027672.0
Brazil,2021-07-03,18748731.0,53733.0,50796.143,523932.0,1636.0,1554.429,251.096,7.645,104753510.0,78210253.0,27418130.0,705945.0,1172608.0,1017127.0
Brazil,2021-07-02,18694998.0,63572.0,51786.429,522296.0,1876.0,1537.429,297.075,8.767,104047565.0,77586349.0,27259467.0,1485828.0,1183357.0,1030964.0
Brazil,2021-07-01,18631426.0,61130.0,53427.714,520420.0,1932.0,1556.286,285.663,9.028,102561737.0,76284848.0,26949200.0,1394275.0,1177080.0,1024475.0
Brazil,2021-06-30,18570296.0,47143.0,55641.143,518488.0,2064.0,1571.429,220.301,9.645,101167462.0,75097273.0,26642477.0,1338786.0,1197888.0,1029481.0
Brazil,2021-06-29,18523153.0,65956.0,59963.0,516424.0,1938.0,1600.143,308.215,9.056,99828676.0,73943650.0,26348752.0,1898996.0,1201198.0,1036432.0
Brazil,2021-06-28,18457197.0,32059.0,68290.429,514486.0,714.0,1623.714,149.813,3.337,97929680.0,72324820.0,25866869.0,1139927.0,1130906.0,986142.0
Brazil,2021-06-27,18425138.0,31980.0,70197.714,513772.0,721.0,1661.857,149.444,3.369,96789753.0,71319026.0,25568632.0,244499.0,1174219.0,1031384.0
Brazil,2021-06-26,18393158.0,60665.0,71998.714,513051.0,1517.0,1706.143,283.49,7.089,96545254.0,71090361.0,25520772.0,781189.0,1205262.0,1061601.0
Brazil,2021-06-25,18332493.0,75061.0,74465.714,511534.0,2008.0,1804.429,350.763,9.383,95764065.0,70369603.0,25404254.0,1441886.0,1229085.0,1083392.0
Brazil,2021-06-24,18257432.0,76624.0,77377.571,509526.0,2038.0,1871.286,358.067,9.524,94322179.0,69113521.0,25208658.0,1539936.0,1268725.0,1132317.0
Brazil,2021-06-23,18180808.0,77396.0,77358.714,507488.0,2265.0,1910.714,361.675,10.584,92782243.0,67890907.0,24891336.0,1361953.0,1371537.0,1260346.0
Brazil,2021-06-22,18103412.0,124248.0,78663.286,505223.0,2103.0,1973.143,580.616,9.827,91420290.0,66688623.0,24731667.0,1406954.0,1354229.0,1254034.0
Brazil,2021-06-21,17979164.0,45410.0,73362.286,503120.0,981.0,2056.286,212.203,4.584,90013336.0,65421825.0,24591511.0,1443113.0,1348000.0,1252063.0
Brazil,2021-06-20,17933754.0,44587.0,72974.0,502139.0,1031.0,2061.857,208.357,4.818,88570223.0,64099339.0,24470884.0,461805.0,1300573.0,1211724.0
Brazil,2021-06-19,17889167.0,77934.0,71887.857,501108.0,2205.0,2074.571,364.189,10.304,88108418.0,63659153.0,24449265.0,947947.0,1284311.0,1195259.0
Brazil,2021-06-18,17811233.0,95444.0,71293.429,498903.0,2476.0,2041.571,446.014,11.57,87160471.0,62785859.0,24374612.0,1719365.0,1241222.0,1157160.0
Brazil,2021-06-17,17715789.0,76492.0,69988.857,496427.0,2314.0,1998.857,357.45,10.813,85441106.0,61187304.0,24253802.0,2259621.0,1171144.0,1087097.0
Brazil,2021-06-16,17639297.0,86528.0,72096.286,494113.0,2702.0,2026.143,404.349,12.627,83181485.0,59068483.0,24113002.0,1240796.0,1009195.0,928709.0
Brazil,2021-06-15,17552769.0,87141.0,71859.0,491411.0,2685.0,1981.857,407.213,12.547,81940689.0,57910386.0,24030303.0,1363351.0,1002939.0,915405.0
Brazil,2021-06-14,17465628.0,42692.0,67369.286,488726.0,1020.0,1976.571,199.501,4.767,80577338.0,56657381.0,23919957.0,1111126.0,994751.0,896611.0
Brazil,2021-06-13,17422936.0,36984.0,66944.143,487706.0,1120.0,1995.0,172.828,5.234,79466212.0,55617274.0,23848938.0,347969.0,950672.0,847396.0
Brazil,2021-06-12,17385952.0,73773.0,67424.0,486586.0,1974.0,1960.714,344.744,9.225,79118243.0,55292343.0,23825900.0,646329.0,933042.0,828704.0
Brazil,2021-06-11,17312179.0,86312.0,65694.571,484612.0,2177.0,1917.286,403.339,10.173,78471914.0,54685737.0,23786177.0,1228813.0,930018.0,817405.0
Brazil,2021-06-10,17225867.0,91244.0,59531.571,482435.0,2505.0,1776.429,426.387,11.706,77243101.0,53577624.0,23665477.0,1125978.0,856801.0,750880.0
Brazil,2021-06-09,17134623.0,84867.0,57363.429,479930.0,2392.0,1692.0,396.587,11.178,76117123.0,52567517.0,23549606.0,1197010.0,775965.0,673642.0
Brazil,2021-06-08,17049756.0,55713.0,58993.571,477538.0,2648.0,1708.571,260.349,12.374,74920113.0,51502554.0,23417559.0,1306034.0,777459.0,652846.0
Brazil,2021-06-07,16994043.0,39716.0,62307.857,474890.0,1149.0,1663.714,185.594,5.369,73614079.0,50381104.0,23232975.0,802570.0,706919.0,578991.0
Brazil,2021-06-06,16954327.0,40343.0,61863.714,473741.0,880.0,1637.571,188.524,4.112,72811509.0,49685501.0,23126008.0,224559.0,705253.0,571506.0
Brazil,2021-06-05,16913984.0,61667.0,62021.714,472861.0,1670.0,1642.286,288.172,7.804,72586950.0,49491413.0,23095537.0,625161.0,689285.0,555248.0
Brazil,2021-06-04,16852317.0,43171.0,64049.714,471191.0,1191.0,1681.0,201.74,5.566,71961789.0,48963900.0,22997889.0,716297.0,657500.0,525643.0
Brazil,2021-06-03,16809146.0,76067.0,65580.714,470000.0,1914.0,1857.429,355.464,8.944,71245492.0,48321463.0,22924029.0,560124.0,697427.0,541529.0
Brazil,2021-06-02,16733079.0,96278.0,63932.714,468086.0,2508.0,1884.143,449.911,11.72,70685368.0,47852026.0,22833342.0,1207470.0,716704.0,543837.0
Brazil,2021-06-01,16636801.0,78913.0,61642.286,465578.0,2334.0,1877.714,368.764,10.907,69477898.0,46932629.0,22545269.0,812251.0,651330.0,486671.0
Brazil,2021-05-31,16557888.0,36607.0,60946.286,463244.0,966.0,1856.286,171.066,4.514,68665647.0,46328168.0,22337479.0,790912.0,652405.0,474301.0
Brazil,2021-05-30,16521281.0,41449.0,61071.0,462278.0,913.0,1841.429,193.693,4.266,67874735.0,45684962.0,22189773.0,112777.0,656559.0,458632.0
Brazil,2021-05-29,16479832.0,75863.0,60649.0,461365.0,1941.0,1838.0,354.511,9.07,67761958.0,45604680.0,22157278.0,402666.0,757468.0,531810.0
Brazil,2021-05-28,16403969.0,53888.0,59510.857,459424.0,2426.0,1807.286,251.821,11.337,67359292.0,45284397.0,22074895.0,995786.0,748087.0,517908.0
Brazil,2021-05-27,16350081.0,64531.0,62759.857,456998.0,2101.0,1764.429,301.556,9.818,66363506.0,44530761.0,21832745.0,695068.0,723727.0,491577.0
Brazil,2021-05-26,16285550.0,80245.0,65453.571,454897.0,2463.0,1823.0,374.988,11.51,65668438.0,44045168.0,21623270.0,749853.0,757872.0,515648.0
Brazil,2021-05-25,16205305.0,74041.0,65456.143,452434.0,2184.0,1828.286,345.997,10.206,64918585.0,43525933.0,21392652.0,819776.0,759280.0,519144.0
Brazil,2021-05-24,16131264.0,37480.0,65565.286,450250.0,862.0,1866.429,175.146,4.028,64098809.0,43008064.0,21090745.0,819988.0,769168.0,531970.0
Brazil,2021-05-23,16093784.0,38495.0,65296.429,449388.0,889.0,1898.286,179.889,4.154,63278821.0,42474538.0,20804283.0,819137.0,763363.0,531689.0
Brazil,2021-05-22,16055289.0,67896.0,65163.429,448499.0,1726.0,1922.857,317.281,8.066,62459684.0,41882011.0,20577673.0,337000.0,684434.0,473054.0
Brazil,2021-05-21,15987393.0,76631.0,65085.571,446773.0,2126.0,1962.143,358.1,9.935,62122684.0,41659039.0,20463645.0,825264.0,687006.0,476933.0
Brazil,2021-05-20,15910762.0,83387.0,65268.857,444647.0,2511.0,1970.857,389.671,11.734,61297420.0,41089722.0,20207698.0,934086.0,673351.0,474462.0
Brazil,2021-05-19,15827375.0,80263.0,64789.286,442136.0,2500.0,1937.429,375.072,11.683,60363334.0,40435632.0,19927702.0,759709.0,636596.0,457378.0
Brazil,2021-05-18,15747112.0,74805.0,64215.714,439636.0,2451.0,1949.0,349.567,11.454,59603625.0,39891922.0,19711703.0,888994.0,670098.0,481202.0
Brazil,2021-05-17,15672307.0,35598.0,63544.429,437185.0,1085.0,1919.571,166.351,5.07,58714631.0,39284275.0,19430356.0,779351.0,672253.0,479722.0
Brazil,2021-05-16,15636709.0,37564.0,63644.857,436100.0,1061.0,1923.286,175.538,4.958,57935280.0,38752714.0,19182566.0,266634.0,695879.0,490665.0
Brazil,2021-05-15,15599145.0,67351.0,62952.857,435039.0,2001.0,1903.429,314.734,9.351,57668646.0,38570631.0,19098015.0,355004.0,670884.0,473892.0
Brazil,2021-05-14,15531794.0,77914.0,62154.286,433038.0,2187.0,1915.0,364.095,10.22,57313642.0,38320507.0,18993135.0,729680.0,666547.0,473137.0
Brazil,2021-05-13,15453880.0,80030.0,62001.429,430851.0,2277.0,1914.857,373.983,10.641,56583962.0,37768491.0,18815471.0,676797.0,708482.0,499614.0
Brazil,2021-05-12,15373850.0,76248.0,60895.714,428574.0,2581.0,1951.857,356.31,12.061,55907165.0,37233983.0,18673182.0,994226.0,761563.0,534798.0
Brazil,2021-05-11,15297602.0,70106.0,60913.429,425993.0,2245.0,1979.0,327.608,10.491,54912939.0,36523507.0,18389432.0,904077.0,755257.0,518191.0
Brazil,2021-05-10,15227496.0,36301.0,60831.857,423748.0,1111.0,2083.857,169.636,5.192,54008862.0,35926219.0,18082643.0,944738.0,766505.0,511558.0
Brazil,2021-05-09,15191195.0,32720.0,61215.857,422637.0,922.0,2085.857,152.902,4.309,53064124.0,35318058.0,17746066.0,91664.0,758359.0,490522.0
Brazil,2021-05-08,15158475.0,61761.0,60725.571,421715.0,2082.0,2135.0,288.612,9.729,52972460.0,35253389.0,17719071.0,324645.0,758419.0,488930.0
Brazil,2021-05-07,15096714.0,76844.0,60230.0,419633.0,2186.0,2157.571,359.095,10.215,52647815.0,35008550.0,17639265.0,1023228.0,749809.0,473108.0
Brazil,2021-05-06,15019870.0,72290.0,59539.143,417447.0,2536.0,2254.0,337.814,11.851,51624587.0,34271192.0,17353395.0,1048363.0,742628.0,432500.0
Brazil,2021-05-05,14947580.0,76372.0,59014.0,414911.0,2771.0,2324.857,356.889,12.949,50576224.0,33490395.0,17085829.0,950087.0,742346.0,391674.0
Brazil,2021-05-04,14871208.0,69535.0,59143.571,412140.0,2979.0,2359.286,324.94,13.921,49626137.0,32896171.0,16729966.0,982813.0,762661.0,374321.0
Brazil,2021-05-03,14801673.0,38989.0,60044.857,409161.0,1125.0,2373.857,182.197,5.257,48643324.0,32345310.0,16298014.0,887711.0,836589.0,391909.0
Brazil,2021-05-02,14762684.0,29288.0,59103.286,408036.0,1266.0,2410.286,136.864,5.916,47755613.0,31884404.0,15871209.0,92087.0,875551.0,406130.0
Brazil,2021-05-01,14733396.0,58292.0,59725.143,406770.0,2240.0,2420.0,272.401,10.468,47663526.0,31830880.0,15832646.0,264376.0,881227.0,407125.0
Brazil,2021-04-30,14675104.0,72008.0,60509.286,404530.0,2861.0,2495.143,336.496,13.37,47399150.0,31696792.0,15702358.0,972962.0,903721.0,416127.0
Brazil,2021-04-29,14603096.0,68614.0,60119.714,401669.0,3032.0,2521.0,320.636,14.169,46426188.0,31243694.0,15182494.0,1046384.0,1019303.0,479526.0
Brazil,2021-04-28,14534482.0,77279.0,57190.286,398637.0,3012.0,2380.857,361.128,14.075,45379804.0,30748674.0,14631130.0,1092294.0,987436.0,461517.0
Brazil,2021-04-27,14457203.0,75844.0,56720.143,395625.0,3081.0,2407.286,354.422,14.398,44287510.0,30275923.0,14011587.0,1500311.0,911115.0,441693.0
Brazil,2021-04-26,14381359.0,32398.0,56262.857,392544.0,1380.0,2445.286,151.397,6.449,42787199.0,29601947.0,13185252.0,1160446.0,839531.0,413531.0
Brazil,2021-04-25,14348961.0,33641.0,56852.0,391164.0,1334.0,2499.0,157.206,6.234,41626753.0,29041497.0,12585256.0,131814.0,829944.0,404459.0
Brazil,2021-04-24,14315320.0,63781.0,57594.429,389830.0,2766.0,2525.857,298.051,12.926,41494939.0,28981002.0,12513937.0,421835.0,841580.0,413692.0
Brazil,2021-04-23,14251539.0,69281.0,58277.857,387064.0,3042.0,2541.714,323.753,14.215,41073104.0,28783905.0,12289199.0,1782040.0,868522.0,424800.0
Brazil,2021-04-22,14182258.0,48108.0,60435.857,384022.0,2051.0,2583.857,224.811,9.584,39291064.0,27887014.0,11404050.0,823310.0,748677.0,344117.0
Brazil,2021-04-21,14134150.0,73988.0,63732.286,381971.0,3197.0,2789.571,345.749,14.94,38467754.0,27518053.0,10949701.0,558049.0,759909.0,360239.0
Brazil,2021-04-20,14060162.0,72643.0,63820.571,378774.0,3347.0,2825.0,339.464,15.641,37909705.0,27184073.0,10725632.0,999226.0,813214.0,387276.0
Brazil,2021-04-19,13987519.0,36522.0,65251.714,375427.0,1756.0,2883.571,170.669,8.206,36910479.0,26707227.0,10203252.0,1093335.0,799151.0,399530.0
Brazil,2021-04-18,13950997.0,38838.0,65698.571,373671.0,1522.0,2877.143,181.492,7.112,35817144.0,26210282.0,9606862.0,213262.0,780035.0,415627.0
Brazil,2021-04-17,13912159.0,68565.0,65746.714,372149.0,2877.0,2925.0,320.407,13.444,35603882.0,26085155.0,9518727.0,610434.0,788460.0,426855.0
Brazil,2021-04-16,13843594.0,84387.0,65459.143,369272.0,3337.0,2853.714,394.344,15.594,34993448.0,25810304.0,9183144.0,943123.0,778410.0,445286.0
Brazil,2021-04-15,13759207.0,71183.0,65991.0,365935.0,3491.0,2913.0,332.641,16.314,34050325.0,25478194.0,8572131.0,901937.0,770925.0,461655.0
Brazil,2021-04-14,13688024.0,74606.0,68472.714,362444.0,3445.0,3006.857,348.637,16.099,33148388.0,24996380.0,8152008.0,931183.0,786330.0,493985.0
Brazil,2021-04-13,13613418.0,82661.0,70485.571,358999.0,3757.0,3039.143,386.278,17.557,32217205.0,24473138.0,7744067.0,900785.0,783029.0,517574.0
Brazil,2021-04-12,13530757.0,39650.0,70838.571,355242.0,1711.0,3083.571,185.286,7.996,31316420.0,23910515.0,7405905.0,959524.0,808270.0,550603.0
Brazil,2021-04-11,13491107.0,39175.0,71270.571,353531.0,1857.0,3112.286,183.066,8.678,30356896.0,23300896.0,7056000.0,272232.0,778033.0,541509.0
Brazil,2021-04-10,13451932.0,66552.0,70291.0,351674.0,2378.0,3024.429,311.0,11.112,30084664.0,23097172.0,6987492.0,540086.0,787028.0,553547.0
Brazil,2021-04-09,13385380.0,88110.0,66405.714,349296.0,3752.0,2957.429,411.742,17.533,29544578.0,22693305.0,6851273.0,890730.0,766196.0,541781.0
Brazil,2021-04-08,13297270.0,88555.0,63729.286,345544.0,4148.0,2821.571,413.821,19.384,28653848.0,22246612.0,6407236.0,1009769.0,681863.0,515369.0
Brazil,2021-04-07,13208715.0,88696.0,63617.571,341396.0,3671.0,2751.143,414.48,17.155,27644079.0,21538484.0,6105595.0,908076.0,686399.0,541822.0
Brazil,2021-04-06,13120019.0,85132.0,63621.714,337725.0,4068.0,2787.429,397.825,19.01,26736003.0,20850120.0,5885883.0,1077471.0,683680.0,550705.0
Brazil,2021-04-05,13034887.0,42674.0,63808.714,333657.0,1912.0,2728.429,199.417,8.935,25658532.0,20056296.0,5602236.0,747864.0,642538.0,531574.0
Brazil,2021-04-04,12992213.0,32318.0,63800.286,331745.0,1242.0,2742.857,151.023,5.804,24910668.0,19510333.0,5400335.0,335198.0,670533.0,570908.0
Brazil,2021-04-03,12959895.0,39355.0,65891.714,330503.0,1909.0,2791.429,183.908,8.921,24575470.0,19222342.0,5353128.0,394262.0,659057.0,562888.0
Brazil,2021-04-02,12920540.0,69375.0,71941.429,328594.0,2801.0,3005.714,324.192,13.089,24181208.0,18900837.0,5280371.0,300403.0,657632.0,567424.0
Brazil,2021-04-01,12851165.0,87773.0,73508.714,325793.0,3655.0,3107.0,410.167,17.08,23880805.0,18639028.0,5241777.0,1041518.0,746494.0,648013.0
Brazil,2021-03-31,12763392.0,88725.0,75007.0,322138.0,3925.0,2964.0,414.616,18.342,22839287.0,17745732.0,5093555.0,889042.0,707501.0,615623.0
Brazil,2021-03-30,12674667.0,86441.0,75318.571,318213.0,3655.0,2734.286,403.942,17.08,21950245.0,16995184.0,4955061.0,789482.0,684659.0,596767.0
Brazil,2021-03-29,12588226.0,42615.0,75142.429,314558.0,2013.0,2661.714,199.142,9.407,21160763.0,16335279.0,4825484.0,943825.0,656237.0,574347.0
Brazil,2021-03-28,12545611.0,46958.0,77050.286,312545.0,1582.0,2603.143,219.437,7.393,20216938.0,15513974.0,4702964.0,254866.0,605225.0,527927.0
Brazil,2021-03-27,12498653.0,81703.0,77119.857,310963.0,3409.0,2555.286,381.801,15.93,19962072.0,15282128.0,4679944.0,384286.0,582626.0,506042.0
Brazil,2021-03-26,12416950.0,80346.0,75898.571,307554.0,3510.0,2406.571,375.46,16.402,19577786.0,14928869.0,4648917.0,922441.0,564920.0,488481.0
Brazil,2021-03-25,12336604.0,98261.0,77029.0,304044.0,2654.0,2284.571,459.178,12.402,18655345.0,14102934.0,4552411.0,768564.0,509678.0,435312.0
Brazil,2021-03-24,12238343.0,90906.0,75552.571,301390.0,2317.0,2294.571,424.807,10.827,17886781.0,13436373.0,4450408.0,729150.0,462584.0,387271.0
Brazil,2021-03-23,12147437.0,85208.0,75230.571,299073.0,3147.0,2343.714,398.18,14.706,17157631.0,12817812.0,4339819.0,590529.0,422691.0,345061.0
Brazil,2021-03-22,12062229.0,55970.0,75293.0,295926.0,1603.0,2301.286,261.55,7.491,16567102.0,12314847.0,4252255.0,586739.0,400504.0,318151.0
Brazil,2021-03-21,12006259.0,47445.0,73627.857,294323.0,1247.0,2262.857,221.712,5.827,15980363.0,11818482.0,4161881.0,96675.0,384814.0,300039.0
Brazil,2021-03-20,11958814.0,73154.0,73056.857,293076.0,2368.0,2237.571,341.852,11.066,15883688.0,11739832.0,4143856.0,260339.0,379994.0,295695.0
Brazil,2021-03-19,11885660.0,88259.0,72655.286,290708.0,2656.0,2178.714,412.438,12.412,15623349.0,11509501.0,4113848.0,535747.0,372233.0,280264.0
Brazil,2021-03-18,11797401.0,87926.0,71828.429,288052.0,2724.0,2102.429,410.882,12.729,15087602.0,11055747.0,4031855.0,438911.0,353489.0,251034.0
Brazil,2021-03-17,11709475.0,88652.0,70277.714,285328.0,2661.0,2026.857,414.274,12.435,14648691.0,10725474.0,3923217.0,449897.0,352513.0,244597.0
Brazil,2021-03-16,11620823.0,85645.0,69251.286,282667.0,2850.0,1986.857,400.223,13.318,14198794.0,10402388.0,3796406.0,435221.0,348952.0,233977.0
Brazil,2021-03-15,11535178.0,44314.0,67201.143,279817.0,1334.0,1858.429,207.081,6.234,13763573.0,10087787.0,3675786.0,476909.0,343726.0,226117.0
Brazil,2021-03-14,11490864.0,43448.0,66097.0,278483.0,1070.0,1828.143,203.034,5.0,13286664.0,9718209.0,3568455.0,62935.0,334036.0,212934.0
Brazil,2021-03-13,11447416.0,70343.0,71559.286,277413.0,1956.0,1832.143,328.716,9.14,13223729.0,9669967.0,3553762.0,206009.0,341863.0,218280.0
Brazil,2021-03-12,11377073.0,82471.0,71068.0,275457.0,2122.0,1765.571,385.39,9.916,13017720.0,9547655.0,3470065.0,404541.0,348740.0,226959.0
Brazil,2021-03-11,11294602.0,77071.0,69644.286,273335.0,2195.0,1707.286,360.156,10.257,12613179.0,9298511.0,3314668.0,432076.0,349146.0,228195.0
Brazil,2021-03-10,11217531.0,81467.0,69494.429,271140.0,2381.0,1652.0,380.699,11.127,12181103.0,9013293.0,3167810.0,424972.0,348775.0,227920.0
Brazil,2021-03-09,11136064.0,71294.0,68270.429,268759.0,1951.0,1575.857,333.16,9.117,11756131.0,8764547.0,2991584.0,398637.0,354116.0,235761.0
Brazil,2021-03-08,11064770.0,36585.0,66613.429,266808.0,1122.0,1543.0,170.963,5.243,11357494.0,8504966.0,2852528.0,409085.0,359495.0,242668.0
Brazil,2021-03-07,11028185.0,81684.0,67156.286,265686.0,1098.0,1501.0,381.713,5.131,10948409.0,8227671.0,2720738.0,117721.0,354715.0,240781.0
Brazil,2021-03-06,10946501.0,66904.0,60253.571,264588.0,1490.0,1454.571,312.645,6.963,10830688.0,8142004.0,2688684.0,254146.0,342446.0,231911.0
Brazil,2021-03-05,10879597.0,72505.0,59041.286,263098.0,1714.0,1420.571,338.819,8.01,10576542.0,7958939.0,2617603.0,407382.0,322071.0,217300.0
Brazil,2021-03-04,10807092.0,76022.0,57739.857,261384.0,1808.0,1367.571,355.254,8.449,10169160.0,7701146.0,2468014.0,429484.0,295339.0,193482.0
Brazil,2021-03-03,10731070.0,72899.0,56633.714,259576.0,1848.0,1334.286,340.66,8.636,9739676.0,7417852.0,2321824.0,462354.0,277239.0,173685.0
Brazil,2021-03-02,10658171.0,59695.0,55560.429,257728.0,1721.0,1276.857,278.957,8.042,9277322.0,7114219.0,2163103.0,436295.0,246521.0,142591.0
Brazil,2021-03-01,10598476.0,40385.0,56116.143,256007.0,828.0,1225.143,188.721,3.869,8841027.0,6806293.0,2034734.0,375624.0,220567.0,114774.0
Brazil,2021-02-28,10558091.0,33365.0,54896.286,255179.0,773.0,1208.429,155.916,3.612,8465403.0,6542206.0,1923197.0,31835.0,205292.0,97875.0
Brazil,2021-02-27,10524726.0,58418.0,54342.0,254406.0,1252.0,1184.571,272.99,5.851,8433568.0,6518628.0,1914940.0,111526.0,211824.0,100103.0
Brazil,2021-02-26,10466308.0,63395.0,53478.143,253154.0,1343.0,1153.0,296.247,6.276,8322042.0,6437836.0,1884206.0,220255.0,215553.0,97354.0
Brazil,2021-02-25,10402913.0,68279.0,51872.714,251811.0,1575.0,1151.286,319.071,7.36,8101787.0,6346769.0,1755018.0,302787.0,223804.0,100898.0
Brazil,2021-02-24,10334634.0,65386.0,49758.429,250236.0,1446.0,1131.857,305.551,6.757,7799000.0,6202055.0,1596945.0,247324.0,227474.0,102733.0
Brazil,2021-02-23,10269248.0,63585.0,47164.0,248790.0,1359.0,1095.143,297.135,6.351,7551676.0,6116082.0,1435594.0,254615.0,238305.0,112868.0
Brazil,2021-02-22,10205663.0,31846.0,47406.714,247431.0,711.0,1057.0,148.818,3.323,7297061.0,6002873.0,1294188.0,268705.0,241018.0,96937.0
Brazil,2021-02-21,10173817.0,29485.0,46544.143,246720.0,606.0,1042.714,137.785,2.832,7028356.0,5857080.0,1171276.0,77554.0,247768.0,111567.0
Brazil,2021-02-20,10144332.0,52371.0,46721.0,246114.0,1031.0,1049.429,244.732,4.818,6950802.0,5817908.0,1132894.0,137634.0,244837.0,110742.0
Brazil,2021-02-19,10091961.0,52157.0,45647.429,245083.0,1331.0,1048.571,243.732,6.22,6813168.0,5756361.0,1056807.0,278012.0,241137.0,115660.0
Brazil,2021-02-18,10039804.0,53479.0,45188.143,243752.0,1439.0,1032.714,249.91,6.725,6535156.0,5640483.0,894673.0,328476.0,262717.0,150602.0
Brazil,2021-02-17,9986325.0,47225.0,45206.0,242313.0,1189.0,1033.143,220.684,5.556,6206680.0,5482925.0,723755.0,323141.0,257121.0,165264.0
Brazil,2021-02-16,9939100.0,65284.0,47189.286,241124.0,1092.0,1057.714,305.075,5.103,5883539.0,5326007.0,557532.0,273602.0,251887.0,179476.0
Brazil,2021-02-15,9873816.0,25808.0,45179.714,240032.0,611.0,1089.571,120.602,2.855,5609937.0,5324317.0,285620.0,315958.0,255676.0,219675.0
Brazil,2021-02-14,9848008.0,30723.0,45576.571,239421.0,653.0,1105.286,143.57,3.051,5293979.0,5076110.0,217869.0,57036.0,241206.0,213751.0
Brazil,2021-02-13,9817285.0,44856.0,44925.0,238768.0,1025.0,1081.857,209.614,4.79,5236943.0,5042713.0,194230.0,111737.0,240466.0,215530.0
Brazil,2021-02-12,9772429.0,48942.0,45132.714,237743.0,1220.0,1069.286,228.708,5.701,5125206.0,4946738.0,178468.0,429070.0,246260.0,221045.0
Brazil,2021-02-11,9723487.0,53604.0,45525.286,236523.0,1442.0,1073.714,250.494,6.739,4696136.0,4586270.0,109866.0,289301.0,231604.0,215909.0
Brazil,2021-02-10,9669883.0,61108.0,46025.714,235081.0,1361.0,1050.0,285.56,6.36,4406835.0,4326075.0,80760.0,286503.0,229243.0,217706.0
Brazil,2021-02-09,9608775.0,51217.0,45069.429,233720.0,1315.0,1026.857,239.339,6.145,4120332.0,4069677.0,50655.0,300125.0,228375.0,221139.0
Brazil,2021-02-08,9557558.0,28586.0,45792.429,232405.0,721.0,1019.143,133.584,3.369,3820207.0,3786591.0,33616.0,214669.0,218237.0,213434.0
Brazil,2021-02-07,9528972.0,26162.0,45778.714,231684.0,489.0,1005.143,122.256,2.285,3605538.0,3579850.0,25688.0,51857.0,217346.0,213676.0
Brazil,2021-02-06,9502810.0,46310.0,46027.0,231195.0,937.0,1016.429,216.409,4.379,3553681.0,3534004.0,19677.0,152298.0,215308.0,212497.0
Brazil,2021-02-05,9456500.0,51690.0,46999.0,230258.0,1251.0,1052.857,241.549,5.846,3401383.0,3399421.0,1962.0,326477.0,211081.0,210801.0
Brazil,2021-02-04,9404810.0,57107.0,48115.143,229007.0,1276.0,1029.429,266.863,5.963,3074906.0,3074906.0,,272772.0,215973.0,215973.0
Brazil,2021-02-03,9347703.0,54414.0,48637.0,227731.0,1199.0,1052.571,254.279,5.603,2802134.0,2802134.0,,280430.0,210655.0,210655.0
Brazil,2021-02-02,9293289.0,56278.0,50116.714,226532.0,1261.0,1072.143,262.989,5.893,2521704.0,2521704.0,,229153.0,210851.0,210851.0
Brazil,2021-02-01,9237011.0,28490.0,50878.143,225271.0,623.0,1057.0,133.135,2.911,2292551.0,2292551.0,,208432.0,212970.0,212970.0
Brazil,2021-01-31,9208521.0,27900.0,51169.571,224648.0,568.0,1066.571,130.378,2.654,2084119.0,2084119.0,,37596.0,210024.0,210024.0
Brazil,2021-01-30,9180621.0,53114.0,51258.0,224080.0,1192.0,1070.429,248.204,5.57,2046523.0,2046523.0,,122710.0,210465.0,210465.0
Brazil,2021-01-29,9127507.0,59503.0,51998.571,222888.0,1087.0,1063.714,278.06,5.08,1923813.0,1923813.0,,360715.0,208792.0,208792.0
Brazil,2021-01-28,9068004.0,60760.0,51584.571,221801.0,1438.0,1061.429,283.934,6.72,1563098.0,1563098.0,,235552.0,195628.0,195628.0
Brazil,2021-01-27,9007244.0,64772.0,51326.0,220363.0,1336.0,1048.429,302.682,6.243,1327546.0,1327546.0,,281800.0,174532.0,174532.0
Brazil,2021-01-26,8942472.0,61608.0,51283.857,219027.0,1155.0,1056.857,287.897,5.397,1045746.0,1045746.0,,243987.0,147460.0,147460.0
Brazil,2021-01-25,8880864.0,30530.0,51361.143,217872.0,690.0,1057.571,142.668,3.224,801759.0,801759.0,,187805.0,114379.0,114379.0
Brazil,2021-01-24,8850334.0,28519.0,51133.0,217182.0,595.0,1027.0,133.27,2.78,613954.0,613954.0,,40686.0,87692.0,87692.0
Brazil,2021-01-23,8821815.0,58298.0,51546.857,216587.0,1145.0,1020.714,272.429,5.351,573268.0,573268.0,,110999.0,95526.0,95526.0
Brazil,2021-01-22,8763517.0,56605.0,51567.857,215442.0,1071.0,1002.0,264.517,5.005,462269.0,462269.0,,268570.0,92431.0,92431.0
Brazil,2021-01-21,8706912.0,58950.0,53352.429,214371.0,1347.0,1011.143,275.476,6.295,193699.0,193699.0,,87875.0,48397.0,48397.0
Brazil,2021-01-20,8647962.0,64477.0,54692.286,213024.0,1395.0,983.571,301.304,6.519,105824.0,105824.0,,92297.0,35237.0,35237.0
Brazil,2021-01-19,8583485.0,62149.0,54028.0,211629.0,1160.0,964.857,290.425,5.421,13527.0,13527.0,,12418.0,6708.0,6708.0
Brazil,2021-01-18,8521336.0,28933.0,54353.0,210469.0,476.0,959.857,135.205,2.224,1109.0,1109.0,,997.0,997.0,997.0
Brazil,2021-01-17,8492403.0,31416.0,54612.143,209993.0,551.0,962.0,146.808,2.575,112.0,112.0,,,,
Brazil,2021-01-16,8460987.0,58445.0,54270.857,209442.0,1014.0,953.286,273.116,4.738,,,,,,
Brazil,2021-01-15,8402542.0,69097.0,53263.429,208428.0,1135.0,952.571,322.893,5.304,,,,,,
Brazil,2021-01-14,8333445.0,68329.0,51904.714,207293.0,1154.0,944.857,319.304,5.393,,,,,,
Brazil,2021-01-13,8265116.0,59827.0,54710.429,206139.0,1264.0,996.857,279.574,5.907,,,,,,
Brazil,2021-01-12,8205289.0,64424.0,55093.286,204875.0,1125.0,992.143,301.056,5.257,,,,,,
Brazil,2021-01-11,8140865.0,30747.0,54187.429,203750.0,491.0,1001.143,143.682,2.294,,,,,,
Brazil,2021-01-10,8110118.0,29027.0,53372.0,203259.0,490.0,1016.286,135.644,2.29,,,,,,
Brazil,2021-01-09,8081091.0,51393.0,51681.0,202769.0,1009.0,990.714,240.162,4.715,,,,,,
Brazil,2021-01-08,8029698.0,59586.0,46532.429,201760.0,1081.0,888.429,278.448,5.052,,,,,,
Brazil,2021-01-07,7970112.0,87969.0,41297.143,200679.0,1518.0,801.0,411.083,7.094,,,,,,
Brazil,2021-01-06,7882143.0,62507.0,36511.429,199161.0,1231.0,729.286,292.098,5.753,,,,,,
Brazil,2021-01-05,7819636.0,58083.0,35524.714,197930.0,1188.0,727.286,271.424,5.552,,,,,,
Brazil,2021-01-04,7761553.0,25039.0,35280.143,196742.0,597.0,707.714,117.008,2.79,,,,,,
Brazil,2021-01-03,7736514.0,17190.0,35622.714,196145.0,311.0,699.286,80.33,1.453,,,,,,
Brazil,2021-01-02,7719324.0,15353.0,35683.286,195834.0,293.0,703.0,71.745,1.369,,,,,,
Brazil,2021-01-01,7703971.0,22939.0,35994.714,195541.0,469.0,703.429,107.195,2.192,,,,,,
Brazil,2020-12-31,7681032.0,54469.0,35743.857,195072.0,1016.0,705.286,254.536,4.748,,,,,,
Brazil,2020-12-30,7626563.0,55600.0,36278.429,194056.0,1217.0,668.714,259.821,5.687,,,,,,
Brazil,2020-12-29,7570963.0,56371.0,34861.143,192839.0,1051.0,632.714,263.424,4.911,,,,,,
Brazil,2020-12-28,7514592.0,27437.0,34903.143,191788.0,538.0,621.0,128.214,2.514,,,,,,
Brazil,2020-12-27,7487155.0,17614.0,34932.857,191250.0,337.0,624.286,82.311,1.575,,,,,,
Brazil,2020-12-26,7469541.0,17533.0,35914.286,190913.0,296.0,636.0,81.932,1.383,,,,,,
Brazil,2020-12-25,7452008.0,21183.0,40301.286,190617.0,482.0,687.857,98.989,2.252,,,,,,
Brazil,2020-12-24,7430825.0,58211.0,44825.571,190135.0,760.0,735.714,272.022,3.552,,,,,,
Brazil,2020-12-23,7372614.0,45679.0,46323.857,189375.0,965.0,778.714,213.46,4.509,,,,,,
Brazil,2020-12-22,7326935.0,56665.0,49244.571,188410.0,969.0,775.286,264.798,4.528,,,,,,
Brazil,2020-12-21,7270270.0,27645.0,48011.286,187441.0,561.0,770.286,129.186,2.622,,,,,,
Brazil,2020-12-20,7242625.0,24484.0,47973.429,186880.0,419.0,763.429,114.415,1.958,,,,,,
Brazil,2020-12-19,7218141.0,48242.0,47622.714,186461.0,659.0,745.714,225.437,3.08,,,,,,
Brazil,2020-12-18,7169899.0,52853.0,46777.286,185802.0,817.0,748.286,246.984,3.818,,,,,,
Brazil,2020-12-17,7117046.0,68699.0,46734.0,184985.0,1061.0,726.0,321.033,4.958,,,,,,
Brazil,2020-12-16,7048347.0,66124.0,44569.857,183924.0,941.0,684.286,309.0,4.397,,,,,,
Brazil,2020-12-15,6982223.0,48032.0,42922.286,182983.0,934.0,671.714,224.455,4.365,,,,,,
Brazil,2020-12-14,6934191.0,27380.0,42888.571,182049.0,513.0,652.286,127.948,2.397,,,,,,
Brazil,2020-12-13,6906811.0,22029.0,42837.714,181536.0,295.0,639.714,102.942,1.379,,,,,,
Brazil,2020-12-12,6884782.0,42324.0,43466.429,181241.0,677.0,646.143,197.782,3.164,,,,,,
Brazil,2020-12-11,6842458.0,52550.0,43174.714,180564.0,661.0,641.857,245.568,3.089,,,,,,
Brazil,2020-12-10,6789908.0,53550.0,42477.714,179903.0,769.0,644.286,250.241,3.594,,,,,,
Brazil,2020-12-09,6736358.0,54591.0,41990.429,179134.0,853.0,643.143,255.106,3.986,,,,,,
Brazil,2020-12-08,6681767.0,47796.0,41116.714,178281.0,798.0,618.286,223.353,3.729,,,,,,
Brazil,2020-12-07,6633971.0,27024.0,41715.143,177483.0,425.0,602.143,126.284,1.986,,,,,,
Brazil,2020-12-06,6606947.0,26430.0,41239.571,177058.0,340.0,591.571,123.508,1.589,,,,,,
Brazil,2020-12-05,6580517.0,40282.0,40465.571,176718.0,647.0,576.286,188.239,3.023,,,,,,
Brazil,2020-12-04,6540235.0,47671.0,42066.0,176071.0,678.0,561.571,222.769,3.168,,,,,,
Brazil,2020-12-03,6492564.0,50139.0,40042.714,175393.0,761.0,544.571,234.302,3.556,,,,,,
Brazil,2020-12-02,6442425.0,48475.0,38720.714,174632.0,679.0,537.286,226.526,3.173,,,,,,
Brazil,2020-12-01,6393950.0,51985.0,38171.143,173953.0,685.0,529.286,242.928,3.201,,,,,,
Brazil,2020-11-30,6341965.0,23695.0,35678.0,173268.0,351.0,521.0,110.728,1.64,,,,,,
Brazil,2020-11-29,6318270.0,21012.0,34887.0,172917.0,233.0,521.571,98.19,1.089,,,,,,
Brazil,2020-11-28,6297258.0,51485.0,34446.143,172684.0,544.0,513.714,240.591,2.542,,,,,,
Brazil,2020-11-27,6245773.0,33508.0,31408.571,172140.0,559.0,487.0,156.584,2.612,,,,,,
Brazil,2020-11-26,6212265.0,40885.0,32160.286,171581.0,710.0,480.429,191.057,3.318,,,,,,
Brazil,2020-11-25,6171380.0,44628.0,31442.714,170871.0,623.0,471.857,208.548,2.911,,,,,,
Brazil,2020-11-24,6126752.0,34533.0,30031.857,170248.0,627.0,490.571,161.374,2.93,,,,,,
Brazil,2020-11-23,6092219.0,18158.0,30168.571,169621.0,355.0,497.857,84.853,1.659,,,,,,
Brazil,2020-11-22,6074061.0,17926.0,29823.714,169266.0,178.0,483.857,83.769,0.832,,,,,,
Brazil,2020-11-21,6056135.0,30222.0,29249.429,169088.0,357.0,478.429,141.229,1.668,,,,,,
Brazil,2020-11-20,6025913.0,38770.0,28686.0,168731.0,513.0,532.286,181.174,2.397,,,,,,
Brazil,2020-11-19,5987143.0,35862.0,28678.571,168218.0,650.0,541.286,167.585,3.037,,,,,,
Brazil,2020-11-18,5951281.0,34752.0,28401.0,167568.0,754.0,581.714,162.398,3.523,,,,,,
Brazil,2020-11-17,5916529.0,35490.0,27186.0,166814.0,678.0,556.0,165.846,3.168,,,,,,
Brazil,2020-11-16,5881039.0,15744.0,28748.0,166136.0,257.0,487.429,73.572,1.201,,,,,,
Brazil,2020-11-15,5865295.0,13906.0,28415.143,165879.0,140.0,477.286,64.983,0.654,,,,,,
Brazil,2020-11-14,5851389.0,26278.0,27928.857,165739.0,734.0,484.429,122.798,3.43,,,,,,
Brazil,2020-11-13,5825111.0,38718.0,26709.714,165005.0,576.0,412.143,180.931,2.692,,,,,,
Brazil,2020-11-12,5786393.0,33919.0,24064.286,164429.0,933.0,368.571,158.505,4.36,,,,,,
Brazil,2020-11-11,5752474.0,26247.0,22625.143,163496.0,574.0,321.429,122.653,2.682,,,,,,
Brazil,2020-11-10,5726227.0,46424.0,22206.429,162922.0,198.0,327.714,216.941,0.925,,,,,,
Brazil,2020-11-09,5679803.0,13414.0,17657.571,162724.0,186.0,340.571,62.684,0.869,,,,,,
Brazil,2020-11-08,5666389.0,10502.0,16919.714,162538.0,190.0,337.571,49.076,0.888,,,,,,
Brazil,2020-11-07,5655887.0,17744.0,16874.857,162348.0,228.0,339.429,82.918,1.065,,,,,,
Brazil,2020-11-06,5638143.0,20200.0,16221.429,162120.0,271.0,348.571,94.395,1.266,,,,,,
Brazil,2020-11-05,5617943.0,23845.0,16814.714,161849.0,603.0,391.714,111.429,2.818,,,,,,
Brazil,2020-11-04,5594098.0,23316.0,17222.571,161246.0,618.0,384.286,108.957,2.888,,,,,,
Brazil,2020-11-03,5570782.0,14582.0,17941.857,160628.0,288.0,368.0,68.142,1.346,,,,,,
Brazil,2020-11-02,5556200.0,8249.0,20141.857,160340.0,165.0,402.0,38.548,0.771,,,,,,
Brazil,2020-11-01,5547951.0,10188.0,21622.143,160175.0,203.0,421.571,47.609,0.949,,,,,,
Brazil,2020-10-31,5537763.0,13170.0,21917.286,159972.0,292.0,425.857,61.544,1.365,,,,,,
Brazil,2020-10-30,5524593.0,24353.0,23605.0,159680.0,573.0,439.429,113.803,2.678,,,,,,
Brazil,2020-10-29,5500240.0,26700.0,24411.857,159107.0,551.0,438.0,124.77,2.575,,,,,,
Brazil,2020-10-28,5473540.0,28351.0,24135.286,158556.0,504.0,431.429,132.485,2.355,,,,,,
Brazil,2020-10-27,5445189.0,29982.0,23778.857,158052.0,526.0,441.0,140.107,2.458,,,,,,
Brazil,2020-10-26,5415207.0,18611.0,22890.857,157526.0,302.0,458.429,86.97,1.411,,,,,,
Brazil,2020-10-25,5396596.0,12254.0,22600.571,157224.0,233.0,461.857,57.263,1.089,,,,,,
Brazil,2020-10-24,5384342.0,24984.0,22571.571,156991.0,387.0,462.143,116.751,1.808,,,,,,
Brazil,2020-10-23,5359358.0,30001.0,21970.429,156604.0,563.0,466.143,140.196,2.631,,,,,,
Brazil,2020-10-22,5329357.0,24764.0,21769.714,156041.0,505.0,477.571,115.723,2.36,,,,,,
Brazil,2020-10-21,5304593.0,25856.0,22578.571,155536.0,571.0,521.714,120.826,2.668,,,,,,
Brazil,2020-10-20,5278737.0,23766.0,22862.571,154965.0,648.0,544.714,111.059,3.028,,,,,,
Brazil,2020-10-19,5254971.0,16579.0,21375.857,154317.0,326.0,506.143,77.474,1.523,,,,,,
Brazil,2020-10-18,5238392.0,12051.0,20241.143,153991.0,235.0,487.286,56.315,1.098,,,,,,
Brazil,2020-10-17,5226341.0,20776.0,20261.143,153756.0,415.0,493.429,97.087,1.939,,,,,,
Brazil,2020-10-16,5205565.0,28596.0,20685.143,153341.0,643.0,510.429,133.63,3.005,,,,,,
Brazil,2020-10-15,5176969.0,30426.0,20561.857,152698.0,814.0,512.0,142.182,3.804,,,,,,
Brazil,2020-10-14,5146543.0,27844.0,20048.143,151884.0,732.0,500.714,130.116,3.421,,,,,,
Brazil,2020-10-13,5118699.0,13359.0,20490.143,151152.0,378.0,499.714,62.427,1.766,,,,,,
Brazil,2020-10-12,5105340.0,8636.0,23085.429,150774.0,194.0,561.429,40.356,0.907,,,,,,
Brazil,2020-10-11,5096704.0,12191.0,25573.571,150580.0,278.0,589.857,56.969,1.299,,,,,,
Brazil,2020-10-10,5084513.0,23744.0,25077.0,150302.0,534.0,601.286,110.957,2.495,,,,,,
Brazil,2020-10-09,5060769.0,27733.0,24971.857,149768.0,654.0,609.0,129.597,3.056,,,,,,
Brazil,2020-10-08,5033036.0,26830.0,25698.286,149114.0,735.0,609.0,125.378,3.435,,,,,,
Brazil,2020-10-07,5006206.0,30938.0,26977.286,148379.0,725.0,614.429,144.575,3.388,,,,,,
Brazil,2020-10-06,4975268.0,31526.0,27257.714,147654.0,810.0,651.143,147.322,3.785,,,,,,
Brazil,2020-10-05,4943742.0,26053.0,27446.571,146844.0,393.0,658.0,121.747,1.837,,,,,,
Brazil,2020-10-04,4917689.0,8715.0,26134.857,146451.0,358.0,657.714,40.726,1.673,,,,,,
Brazil,2020-10-03,4908974.0,23008.0,26859.429,146093.0,588.0,655.0,107.517,2.748,,,,,,
Brazil,2020-10-02,4885966.0,32818.0,27103.714,145505.0,654.0,674.143,153.36,3.056,,,,,,
Brazil,2020-10-01,4853148.0,35783.0,27031.143,144851.0,773.0,698.143,167.215,3.612,,,,,,
Brazil,2020-09-30,4817365.0,32901.0,26492.857,144078.0,982.0,701.286,153.748,4.589,,,,,,
Brazil,2020-09-29,4784464.0,32848.0,26467.857,143096.0,858.0,694.143,153.5,4.009,,,,,,
Brazil,2020-09-28,4751616.0,16871.0,26770.571,142238.0,391.0,685.0,78.839,1.827,,,,,,
Brazil,2020-09-27,4734745.0,13787.0,26879.714,141847.0,339.0,695.714,64.427,1.584,,,,,,
Brazil,2020-09-26,4720958.0,24718.0,27116.143,141508.0,722.0,697.429,115.508,3.374,,,,,,
Brazil,2020-09-25,4696240.0,32310.0,27807.571,140786.0,822.0,691.571,150.986,3.841,,,,,,
Brazil,2020-09-24,4663930.0,32015.0,28867.714,139964.0,795.0,692.429,149.607,3.715,,,,,,
Brazil,2020-09-23,4631915.0,32726.0,29494.857,139169.0,932.0,703.0,152.93,4.355,,,,,,
Brazil,2020-09-22,4599189.0,34967.0,30147.857,138237.0,794.0,707.286,163.402,3.71,,,,,,
Brazil,2020-09-21,4564222.0,17635.0,30088.571,137443.0,466.0,748.429,82.409,2.178,,,,,,
Brazil,2020-09-20,4546587.0,15442.0,30513.714,136977.0,351.0,747.286,72.161,1.64,,,,,,
Brazil,2020-09-19,4531145.0,29558.0,30310.571,136626.0,681.0,755.0,138.126,3.182,,,,,,
Brazil,2020-09-18,4501587.0,39731.0,30488.0,135945.0,828.0,767.286,185.665,3.869,,,,,,
Brazil,2020-09-17,4461856.0,36405.0,30745.429,135117.0,869.0,770.143,170.122,4.061,,,,,,
Brazil,2020-09-16,4425451.0,37297.0,31367.714,134248.0,962.0,785.143,174.29,4.495,,,,,,
Brazil,2020-09-15,4388154.0,34552.0,31337.714,133286.0,1082.0,813.0,161.463,5.056,,,,,,
Brazil,2020-09-14,4353602.0,20611.0,29085.429,132204.0,458.0,733.429,96.316,2.14,,,,,,
Brazil,2020-09-13,4332991.0,14020.0,27500.429,131746.0,405.0,713.714,65.516,1.893,,,,,,
Brazil,2020-09-12,4318971.0,30800.0,27593.571,131341.0,767.0,721.286,143.93,3.584,,,,,,
Brazil,2020-09-11,4288171.0,41533.0,28030.286,130574.0,848.0,698.0,194.085,3.963,,,,,,
Brazil,2020-09-10,4246638.0,40761.0,27745.429,129726.0,974.0,698.143,190.478,4.552,,,,,,
Brazil,2020-09-09,4205877.0,37087.0,28609.429,128752.0,1157.0,682.857,173.309,5.407,,,,,,
Brazil,2020-09-08,4168790.0,18786.0,29947.429,127595.0,525.0,689.571,87.788,2.453,,,,,,
Brazil,2020-09-07,4150004.0,9516.0,33596.429,127070.0,320.0,778.857,44.469,1.495,,,,,,
Brazil,2020-09-06,4140488.0,14672.0,39412.0,126750.0,458.0,825.571,68.563,2.14,,,,,,
Brazil,2020-09-05,4125816.0,33857.0,39392.286,126292.0,604.0,817.429,158.215,2.823,,,,,,
Brazil,2020-09-04,4091959.0,39539.0,39882.857,125688.0,849.0,859.286,184.767,3.967,,,,,,
Brazil,2020-09-03,4052420.0,46809.0,40532.714,124839.0,867.0,859.286,218.74,4.052,,,,,,
Brazil,2020-09-02,4005611.0,46453.0,39882.857,123972.0,1204.0,876.143,217.077,5.626,,,,,,
Brazil,2020-09-01,3959158.0,44329.0,40125.571,122768.0,1150.0,858.286,207.151,5.374,,,,,,
Brazil,2020-08-31,3914829.0,50225.0,40408.143,121618.0,647.0,865.857,234.703,3.023,,,,,,
Brazil,2020-08-30,3864604.0,14534.0,36592.143,120971.0,401.0,876.714,67.918,1.874,,,,,,
Brazil,2020-08-29,3850070.0,37291.0,37640.571,120570.0,897.0,884.429,174.262,4.192,,,,,,
Brazil,2020-08-28,3812779.0,44088.0,38871.571,119673.0,849.0,874.571,206.025,3.967,,,,,,
Brazil,2020-08-27,3768691.0,42260.0,37191.286,118824.0,985.0,903.429,197.483,4.603,,,,,,
Brazil,2020-08-26,3726431.0,48152.0,37293.286,117839.0,1079.0,939.429,225.016,5.042,,,,,,
Brazil,2020-08-25,3678279.0,46307.0,37357.714,116760.0,1203.0,951.429,216.394,5.622,,,,,,
Brazil,2020-08-24,3631972.0,23513.0,37780.143,115557.0,723.0,972.714,109.877,3.379,,,,,,
Brazil,2020-08-23,3608459.0,21873.0,37906.429,114834.0,455.0,983.143,102.213,2.126,,,,,,
Brazil,2020-08-22,3586586.0,45908.0,38068.286,114379.0,828.0,1002.0,214.53,3.869,,,,,,
Brazil,2020-08-21,3540678.0,32326.0,36778.714,113551.0,1051.0,987.0,151.061,4.911,,,,,,
Brazil,2020-08-20,3508352.0,42974.0,39218.857,112500.0,1237.0,980.714,200.819,5.781,,,,,,
Brazil,2020-08-19,3465378.0,48603.0,41753.0,111263.0,1163.0,981.429,227.124,5.435,,,,,,
Brazil,2020-08-18,3416775.0,49264.0,42660.286,110100.0,1352.0,984.429,230.213,6.318,,,,,,
Brazil,2020-08-17,3367511.0,24397.0,42839.714,108748.0,796.0,961.857,114.008,3.72,,,,,,
Brazil,2020-08-16,3343114.0,23006.0,43141.0,107952.0,587.0,960.857,107.508,2.743,,,,,,
Brazil,2020-08-15,3320108.0,36881.0,43101.571,107365.0,723.0,958.286,172.346,3.379,,,,,,
Brazil,2020-08-14,3283227.0,49407.0,44459.857,106642.0,1007.0,973.143,230.881,4.706,,,,,,
Brazil,2020-08-13,3233820.0,60713.0,44459.286,105635.0,1242.0,984.286,283.714,5.804,,,,,,
Brazil,2020-08-12,3173107.0,54954.0,43498.714,104393.0,1184.0,982.0,256.802,5.533,,,,,,
Brazil,2020-08-11,3118153.0,50520.0,43672.286,103209.0,1194.0,1008.0,236.082,5.58,,,,,,
Brazil,2020-08-10,3067633.0,26506.0,44495.571,102015.0,789.0,1031.429,123.864,3.687,,,,,,
Brazil,2020-08-09,3041127.0,22730.0,43581.286,101226.0,569.0,1004.714,106.218,2.659,,,,,,
Brazil,2020-08-08,3018397.0,46389.0,43772.143,100657.0,827.0,998.286,216.778,3.865,,,,,,
Brazil,2020-08-07,2972008.0,49403.0,43079.571,99830.0,1085.0,1014.571,230.862,5.07,,,,,,
Brazil,2020-08-06,2922605.0,53989.0,43631.143,98745.0,1226.0,1040.571,252.293,5.729,,,,,,
Brazil,2020-08-05,2868616.0,56169.0,44212.0,97519.0,1366.0,1037.143,262.48,6.383,,,,,,
Brazil,2020-08-04,2812447.0,56283.0,44109.429,96153.0,1358.0,1013.286,263.013,6.346,,,,,,
Brazil,2020-08-03,2756164.0,20106.0,43783.857,94795.0,602.0,999.0,93.956,2.813,,,,,,
Brazil,2020-08-02,2736058.0,24066.0,44913.143,94193.0,524.0,1010.857,112.461,2.449,,,,,,
Brazil,2020-08-01,2711992.0,41541.0,44714.143,93669.0,941.0,1019.0,194.123,4.397,,,,,,
Brazil,2020-07-31,2670451.0,53264.0,45570.429,92728.0,1267.0,1041.571,248.905,5.921,,,,,,
Brazil,2020-07-30,2617187.0,58055.0,46090.286,91461.0,1202.0,1027.0,271.293,5.617,,,,,,
Brazil,2020-07-29,2559132.0,55451.0,45986.143,90259.0,1199.0,1042.857,259.125,5.603,,,,,,
Brazil,2020-07-28,2503681.0,54004.0,47514.571,89060.0,1258.0,1056.714,252.363,5.879,,,,,,
Brazil,2020-07-27,2449677.0,28011.0,46503.571,87802.0,685.0,1065.143,130.897,3.201,,,,,,
Brazil,2020-07-26,2421666.0,22673.0,45752.429,87117.0,581.0,1077.0,105.952,2.715,,,,,,
Brazil,2020-07-25,2398993.0,47535.0,45858.0,86536.0,1099.0,1095.143,222.133,5.136,,,,,,
Brazil,2020-07-24,2351458.0,56903.0,42746.286,85437.0,1165.0,1058.714,265.91,5.444,,,,,,
Brazil,2020-07-23,2294555.0,57326.0,39562.714,84272.0,1313.0,1052.714,267.887,6.136,,,,,,
Brazil,2020-07-22,2237229.0,66150.0,37613.714,82959.0,1296.0,1050.714,309.122,6.056,,,,,,
Brazil,2020-07-21,2171079.0,46927.0,33898.286,81663.0,1317.0,1048.429,219.292,6.154,,,,,,
Brazil,2020-07-20,2124152.0,22753.0,33326.143,80346.0,768.0,1045.143,106.326,3.589,,,,,,
Brazil,2020-07-19,2101399.0,23412.0,33346.143,79578.0,708.0,1054.714,109.405,3.309,,,,,,
Brazil,2020-07-18,2077987.0,25753.0,33381.286,78870.0,844.0,1041.714,120.345,3.944,,,,,,
Brazil,2020-07-17,2052234.0,34618.0,34694.714,78026.0,1123.0,1054.286,161.771,5.248,,,,,,
Brazil,2020-07-16,2017616.0,43683.0,36079.429,76903.0,1299.0,1079.286,204.132,6.07,,,,,,
Brazil,2020-07-15,1973933.0,40142.0,35976.429,75604.0,1280.0,1068.286,187.585,5.981,,,,,,
Brazil,2020-07-14,1933791.0,42922.0,36706.143,74324.0,1294.0,1053.0,200.576,6.047,,,,,,
Brazil,2020-07-13,1890869.0,22893.0,37245.714,73030.0,835.0,1053.857,106.98,3.902,,,,,,
Brazil,2020-07-12,1867976.0,23658.0,37468.714,72195.0,617.0,1032.429,110.555,2.883,,,,,,
Brazil,2020-07-11,1844318.0,34947.0,37688.0,71578.0,932.0,1024.0,163.309,4.355,,,,,,
Brazil,2020-07-10,1809371.0,44311.0,37490.857,70646.0,1298.0,1042.286,207.067,6.066,,,,,,
Brazil,2020-07-09,1765060.0,42962.0,37309.286,69348.0,1222.0,1030.143,200.763,5.71,,,,,,
Brazil,2020-07-08,1722098.0,45250.0,37514.857,68126.0,1173.0,1035.429,211.455,5.481,,,,,,
Brazil,2020-07-07,1676848.0,46699.0,37739.857,66953.0,1300.0,1023.0,218.226,6.075,,,,,,
Brazil,2020-07-06,1630149.0,24454.0,36737.143,65653.0,685.0,1025.429,114.275,3.201,,,,,,
Brazil,2020-07-05,1605695.0,25193.0,36322.286,64968.0,558.0,1030.714,117.728,2.608,,,,,,
Brazil,2020-07-04,1580502.0,33567.0,37420.857,64410.0,1060.0,1035.857,156.86,4.953,,,,,,
Brazil,2020-07-03,1546935.0,43040.0,37899.857,63350.0,1213.0,1031.714,201.128,5.668,,,,,,
Brazil,2020-07-02,1503895.0,44401.0,38163.286,62137.0,1259.0,1000.286,207.488,5.883,,,,,,
Brazil,2020-07-01,1459494.0,46825.0,37743.714,60878.0,1086.0,989.0,218.815,5.075,,,,,,
Brazil,2020-06-30,1412669.0,39680.0,36916.286,59792.0,1317.0,991.571,185.426,6.154,,,,,,
Brazil,2020-06-29,1372989.0,21550.0,36894.429,58475.0,722.0,1004.286,100.704,3.374,,,,,,
Brazil,2020-06-28,1351439.0,32883.0,37843.286,57753.0,594.0,1010.0,153.664,2.776,,,,,,
Brazil,2020-06-27,1318556.0,36920.0,30317.714,57159.0,1031.0,1008.429,172.529,4.818,,,,,,
Brazil,2020-06-26,1281636.0,44884.0,34118.143,56128.0,993.0,1001.429,209.745,4.64,,,,,,
Brazil,2020-06-25,1236752.0,41464.0,35714.571,55135.0,1180.0,1027.0,193.763,5.514,,,,,,
Brazil,2020-06-24,1195288.0,41033.0,33436.857,53955.0,1104.0,1035.429,191.749,5.159,,,,,,
Brazil,2020-06-23,1154255.0,39527.0,31992.857,52851.0,1406.0,1047.0,184.711,6.57,,,,,,
Brazil,2020-06-22,1114728.0,28192.0,31629.429,51445.0,762.0,1036.429,131.742,3.561,,,,,,
Brazil,2020-06-21,1086536.0,-19796.0,31118.714,50683.0,583.0,1036.714,-92.508,2.724,,,,,,
Brazil,2020-06-20,1106332.0,63523.0,36345.857,50100.0,982.0,1044.0,296.846,4.589,,,,,,
Brazil,2020-06-19,1042809.0,56059.0,30304.0,49118.0,1172.0,1026.143,261.966,5.477,,,,,,
Brazil,2020-06-18,986750.0,25520.0,25764.429,47946.0,1239.0,979.143,119.256,5.79,,,,,,
Brazil,2020-06-17,961230.0,30925.0,26217.571,46707.0,1185.0,983.286,144.514,5.538,,,,,,
Brazil,2020-06-16,930305.0,36983.0,26626.857,45522.0,1332.0,990.857,172.823,6.224,,,,,,
Brazil,2020-06-15,893322.0,24617.0,25871.857,44190.0,764.0,971.0,115.036,3.57,,,,,,
Brazil,2020-06-14,868705.0,16794.0,24832.0,43426.0,634.0,985.143,78.479,2.963,,,,,,
Brazil,2020-06-13,851911.0,21230.0,25002.571,42792.0,857.0,962.571,99.209,4.005,,,,,,
Brazil,2020-06-12,830681.0,24282.0,25368.286,41935.0,843.0,954.571,113.471,3.939,,,,,,
Brazil,2020-06-11,806399.0,28692.0,26485.286,41092.0,1268.0,987.857,134.079,5.925,,,,,,
Brazil,2020-06-10,777707.0,33790.0,26951.286,39824.0,1238.0,1022.429,157.902,5.785,,,,,,
Brazil,2020-06-09,743917.0,31698.0,25850.571,38586.0,1193.0,1016.143,148.126,5.575,,,,,,
Brazil,2020-06-08,712219.0,17338.0,25847.571,37393.0,863.0,1040.714,81.021,4.033,,,,,,
Brazil,2020-06-07,694881.0,17988.0,25534.857,36530.0,476.0,1023.286,84.059,2.224,,,,,,
Brazil,2020-06-06,676893.0,23790.0,24854.143,36054.0,801.0,1022.571,111.172,3.743,,,,,,
Brazil,2020-06-05,653103.0,32101.0,26072.857,35253.0,1076.0,1031.571,150.009,5.028,,,,,,
Brazil,2020-06-04,621002.0,31954.0,25328.429,34177.0,1510.0,1040.286,149.322,7.056,,,,,,
Brazil,2020-06-03,589048.0,26085.0,24811.714,32667.0,1194.0,994.571,121.896,5.58,,,,,,
Brazil,2020-06-02,562963.0,31677.0,23970.857,31473.0,1365.0,975.571,148.028,6.379,,,,,,
Brazil,2020-06-01,531286.0,15149.0,21778.0,30108.0,741.0,931.143,70.792,3.463,,,,,,
Brazil,2020-05-31,516137.0,13223.0,21443.429,29367.0,471.0,929.143,61.792,2.201,,,,,,
Brazil,2020-05-30,502914.0,32321.0,21621.286,28896.0,864.0,955.857,151.037,4.038,,,,,,
Brazil,2020-05-29,470593.0,26890.0,19432.143,28032.0,1137.0,981.857,125.658,5.313,,,,,,
Brazil,2020-05-28,443703.0,28337.0,18706.0,26895.0,1190.0,966.714,132.42,5.561,,,,,,
Brazil,2020-05-27,415366.0,20199.0,17248.857,25705.0,1061.0,949.429,94.391,4.958,,,,,,
Brazil,2020-05-26,395167.0,16327.0,17611.714,24644.0,1054.0,951.571,76.297,4.925,,,,,,
Brazil,2020-05-25,378840.0,12807.0,17638.857,23590.0,727.0,962.429,59.848,3.397,,,,,,
Brazil,2020-05-24,366033.0,14468.0,17850.429,22863.0,658.0,963.571,67.61,3.075,,,,,,
Brazil,2020-05-23,351565.0,16997.0,16864.857,22205.0,1046.0,934.714,79.428,4.888,,,,,,
Brazil,2020-05-22,334568.0,21807.0,16325.286,21159.0,1031.0,885.286,101.905,4.818,,,,,,
Brazil,2020-05-21,312761.0,18137.0,15656.571,20128.0,1069.0,875.571,84.755,4.995,,,,,,
Brazil,2020-05-20,294624.0,22739.0,14926.714,19059.0,1076.0,831.286,106.26,5.028,,,,,,
Brazil,2020-05-19,271885.0,16517.0,13381.571,17983.0,1130.0,788.857,77.185,5.281,,,,,,
Brazil,2020-05-18,255368.0,14288.0,12253.429,16853.0,735.0,742.857,66.768,3.435,,,,,,
Brazil,2020-05-17,241080.0,7569.0,11197.286,16118.0,456.0,713.571,35.37,2.131,,,,,,
Brazil,2020-05-16,233511.0,13220.0,11064.286,15662.0,700.0,715.143,61.778,3.271,,,,,,
Brazil,2020-05-15,220291.0,17126.0,10485.286,14962.0,963.0,706.429,80.03,4.5,,,,,,
Brazil,2020-05-14,203165.0,13028.0,9627.429,13999.0,759.0,687.0,60.88,3.547,,,,,,
Brazil,2020-05-13,190137.0,11923.0,9075.143,13240.0,779.0,664.571,55.717,3.64,,,,,,
Brazil,2020-05-12,178214.0,8620.0,8965.571,12461.0,808.0,646.143,40.282,3.776,,,,,,
Brazil,2020-05-11,169594.0,6895.0,8710.571,11653.0,530.0,612.286,32.221,2.477,,,,,,
Brazil,2020-05-10,162699.0,6638.0,8696.143,11123.0,467.0,581.714,31.02,2.182,,,,,,
Brazil,2020-05-09,156061.0,9167.0,8423.0,10656.0,639.0,556.429,42.838,2.986,,,,,,
Brazil,2020-05-08,146894.0,11121.0,7813.143,10017.0,827.0,515.0,51.969,3.865,,,,,,
Brazil,2020-05-07,135773.0,9162.0,6940.857,9190.0,602.0,454.857,42.814,2.813,,,,,,
Brazil,2020-05-06,126611.0,11156.0,6703.714,8588.0,650.0,439.286,52.132,3.037,,,,,,
Brazil,2020-05-05,115455.0,6835.0,6031.429,7938.0,571.0,407.857,31.94,2.668,,,,,,
Brazil,2020-05-04,108620.0,6794.0,5882.0,7367.0,316.0,394.857,31.749,1.477,,,,,,
Brazil,2020-05-03,101826.0,4726.0,5532.286,7051.0,290.0,395.0,22.085,1.355,,,,,,
Brazil,2020-05-02,97100.0,4898.0,5396.571,6761.0,349.0,386.286,22.889,1.631,,,,,,
Brazil,2020-05-01,92202.0,5015.0,5451.286,6412.0,406.0,386.857,23.435,1.897,,,,,,
Brazil,2020-04-30,87187.0,7502.0,5307.286,6006.0,493.0,382.143,35.057,2.304,,,,,,
Brazil,2020-04-29,79685.0,6450.0,4846.857,5513.0,430.0,372.429,30.141,2.009,,,,,,
Brazil,2020-04-28,73235.0,5789.0,4308.0,5083.0,480.0,334.571,27.052,2.243,,,,,,
Brazil,2020-04-27,67446.0,4346.0,3814.714,4603.0,317.0,288.0,20.309,1.481,,,,,,
Brazil,2020-04-26,63100.0,3776.0,3492.286,4286.0,229.0,260.571,17.645,1.07,,,,,,
Brazil,2020-04-25,59324.0,5281.0,3238.0,4057.0,353.0,243.286,24.678,1.65,,,,,,
Brazil,2020-04-24,54043.0,4007.0,2908.714,3704.0,373.0,223.286,18.725,1.743,,,,,,
Brazil,2020-04-23,50036.0,4279.0,2801.571,3331.0,425.0,201.0,19.996,1.986,,,,,,
Brazil,2020-04-22,45757.0,2678.0,2491.0,2906.0,165.0,167.143,12.514,0.771,,,,,,
Brazil,2020-04-21,43079.0,2336.0,2545.286,2741.0,154.0,172.714,10.916,0.72,,,,,,
Brazil,2020-04-20,40743.0,2089.0,2473.286,2587.0,125.0,179.857,9.762,0.584,,,,,,
Brazil,2020-04-19,38654.0,1996.0,2351.714,2462.0,108.0,177.0,9.327,0.505,,,,,,
Brazil,2020-04-18,36658.0,2976.0,2275.857,2354.0,213.0,175.714,13.907,0.995,,,,,,
Brazil,2020-04-17,33682.0,3257.0,2006.286,2141.0,217.0,154.857,15.22,1.014,,,,,,
Brazil,2020-04-16,30425.0,2105.0,1761.857,1924.0,188.0,139.143,9.837,0.879,,,,,,
Brazil,2020-04-15,28320.0,3058.0,1735.714,1736.0,204.0,131.0,14.29,0.953,,,,,,
Brazil,2020-04-14,25262.0,1832.0,1604.0,1532.0,204.0,120.857,8.561,0.953,,,,,,
Brazil,2020-04-13,23430.0,1238.0,1609.857,1328.0,105.0,109.143,5.785,0.491,,,,,,
Brazil,2020-04-12,22192.0,1465.0,1580.286,1223.0,99.0,105.286,6.846,0.463,,,,,,
Brazil,2020-04-11,20727.0,1089.0,1481.0,1124.0,67.0,97.0,5.089,0.313,,,,,,
Brazil,2020-04-10,19638.0,1546.0,1511.714,1057.0,107.0,99.714,7.225,0.5,,,,,,
Brazil,2020-04-09,18092.0,1922.0,1435.429,950.0,131.0,89.429,8.982,0.612,,,,,,
Brazil,2020-04-08,16170.0,2136.0,1333.429,819.0,133.0,82.714,9.982,0.622,,,,,,
Brazil,2020-04-07,14034.0,1873.0,1188.143,686.0,122.0,69.286,8.753,0.57,,,,,,
Brazil,2020-04-06,12161.0,1031.0,1083.143,564.0,78.0,57.857,4.818,0.364,,,,,,
Brazil,2020-04-05,11130.0,770.0,982.0,486.0,41.0,50.0,3.598,0.192,,,,,,
Brazil,2020-04-04,10360.0,1304.0,922.286,445.0,86.0,47.714,6.094,0.402,,,,,,
Brazil,2020-04-03,9056.0,1012.0,805.571,359.0,35.0,38.143,4.729,0.164,,,,,,
Brazil,2020-04-02,8044.0,1208.0,722.714,324.0,84.0,35.286,5.645,0.393,,,,,,
Brazil,2020-04-01,6836.0,1119.0,611.714,240.0,39.0,25.857,5.229,0.182,,,,,,
Brazil,2020-03-31,5717.0,1138.0,495.714,201.0,42.0,22.143,5.318,0.196,,,,,,
Brazil,2020-03-30,4579.0,323.0,379.286,159.0,23.0,17.857,1.509,0.107,,,,,,
Brazil,2020-03-29,4256.0,352.0,387.143,136.0,25.0,15.857,1.645,0.117,,,,,,
Brazil,2020-03-28,3904.0,487.0,411.857,111.0,19.0,13.714,2.276,0.089,,,,,,
Brazil,2020-03-27,3417.0,432.0,374.857,92.0,15.0,11.571,2.019,0.07,,,,,,
Brazil,2020-03-26,2985.0,431.0,337.714,77.0,18.0,10.143,2.014,0.084,,,,,,
Brazil,2020-03-25,2554.0,307.0,311.714,59.0,13.0,8.0,1.435,0.061,,,,,,
Brazil,2020-03-24,2247.0,323.0,275.143,46.0,12.0,6.429,1.509,0.056,,,,,,
Brazil,2020-03-23,1924.0,378.0,246.286,34.0,9.0,4.857,1.766,0.042,,,,,,
Brazil,2020-03-22,1546.0,525.0,197.714,25.0,10.0,3.571,2.453,0.047,,,,,,
Brazil,2020-03-21,1021.0,228.0,124.286,15.0,4.0,2.143,1.065,0.019,,,,,,
Brazil,2020-03-20,793.0,172.0,91.714,11.0,5.0,1.571,0.804,0.023,,,,,,
Brazil,2020-03-19,621.0,249.0,81.286,6.0,3.0,0.857,1.164,0.014,,,,,,
Brazil,2020-03-18,372.0,51.0,47.714,3.0,2.0,0.429,0.238,0.009,,,,,,
Brazil,2020-03-17,321.0,121.0,41.429,1.0,1.0,0.143,0.565,0.005,,,,,,
Brazil,2020-03-16,200.0,38.0,25.0,,,,0.178,,,,,,,
Brazil,2020-03-15,162.0,11.0,20.286,,,,0.051,,,,,,,
Brazil,2020-03-14,151.0,0.0,19.714,,,,0.0,,,,,,,
Brazil,2020-03-13,151.0,99.0,19.714,,,,0.463,,,,,,,
Brazil,2020-03-12,52.0,14.0,6.857,,,,0.065,,,,,,,
Brazil,2020-03-11,38.0,7.0,4.857,,,,0.033,,,,,,,
Brazil,2020-03-10,31.0,6.0,4.143,,,,0.028,,,,,,,
Brazil,2020-03-09,25.0,5.0,3.286,,,,0.023,,,,,,,
Brazil,2020-03-08,20.0,7.0,2.571,,,,0.033,,,,,,,
Brazil,2020-03-07,13.0,0.0,1.571,,,,0.0,,,,,,,
Brazil,2020-03-06,13.0,9.0,1.714,,,,0.042,,,,,,,
Brazil,2020-03-05,4.0,0.0,0.429,,,,0.0,,,,,,,
Brazil,2020-03-04,4.0,2.0,0.429,,,,0.009,,,,,,,
Brazil,2020-03-03,2.0,0.0,0.286,,,,0.0,,,,,,,
Brazil,2020-03-02,2.0,0.0,0.286,,,,0.0,,,,,,,
Brazil,2020-03-01,2.0,0.0,,,,,0.0,,,,,,,
Brazil,2020-02-29,2.0,1.0,,,,,0.005,,,,,,,
Brazil,2020-02-28,1.0,0.0,,,,,0.0,,,,,,,
Brazil,2020-02-27,1.0,0.0,,,,,0.0,,,,,,,
Brazil,2020-02-26,1.0,1.0,,,,,0.005,,,,,,,
